"state","year","NDVI_mean","NDVI_median_min","NDVI_median_max","NDVI_stdDev","EVI_mean","EVI_median_min","EVI_median_max","EVI_stdDev","MVI_mean","MVI_median_min","MVI_median_max","MVI_stdDev","total_pixels","districts_analyzed","AGB_Mg_ha","BGB_Mg_ha","Total_Biomass_Mg_ha","Carbon_Stock_Density_MgC_ha"
"Andhra Pradesh",2000,0.455726485,0.286794724,0.589912592,0.193962951,0.293089792,0.165690812,0.408124797,0.137672971,10.99507657,2.920039628,5.377371534,22.89488181,412626,5,75.804380416,37.14414640384,112.94852681984,53.0858076053248
"Goa",2000,0.337548629,0.292937226,0.379091994,0.212108782,0.165850549,0.130851168,0.170023412,0.118933173,4.284464615,1.44152927,1.467585559,10.67597769,49914,2,36.2965954645,17.785331777605,54.081927242105,25.4185058037894
"Gujarat",2000,0.158206333,0.079936023,0.306356088,0.11349782,0.083159495,0.038025631,0.161218616,0.060728033,11.05847694,1.728558656,22.28926166,13.27167981,268450,13,10.6210231975,5.204301366775,15.825324564275,7.43790254520925
"Karnataka",2000,0.302526295,0.285121715,0.415668047,0.196763204,0.143464091,0.119171726,0.205099752,0.108123985,5.663658106,1.415079288,4.519937071,19.3716152,35545,3,29.3456002555,14.379344125195,43.724944380695,20.5507238589266
"Kerala",2000,0.390509956,0.285498628,0.595622532,0.15509062,0.177453828,0.130877066,0.251290601,0.102366729,14.19536943,2.353457052,8.586120248,20.50917425,7981,9,39.899413594,19.55071266106,59.45012625506,27.9415593398782
"Maharashtra",2000,0.303765904,0.214734076,0.418172976,0.148280347,0.139789835,0.087790537,0.189504706,0.081609008,5.066665198,1.419288703,5.479404734,12.30543976,394599,7,28.2047437675,13.820324446075,42.025068213575,19.7517820603803
"Odisha",2000,0.447777021,0.17410574,0.550868009,0.162764384,0.262647122,0.082698859,0.323202085,0.104008961,3.936926768,1.315219336,5.260825995,13.57206661,242312,5,66.351931381,32.51244637669,98.86437775769,46.4662575461143
"Tamil Nadu",2000,0.39453741,0.306263568,0.465010418,0.194976216,0.227092454,0.163904071,0.236257553,0.12792556,8.645947345,1.382871412,5.466151033,21.22350732,30291,5,55.312206967,27.10298141383,82.41518838083,38.7351385389901
"West Bengal",2000,0.592340306,0.380612534,0.662187778,0.124124084,0.339018608,0.217581595,0.384820926,0.082227621,16.43387233,3.721291186,10.95971142,16.91928209,2449196,3,90.065277784,44.13198611416,134.19726389816,63.0727140321352
"Andaman and Nicobar Islands",2000,0.812071399,0.826186569,0.855581446,0.119269112,0.450745406,0.478519375,0.560663733,0.102257636,14.47803977,3.433949443,8.949402166,16.75034711,624069,3,124.756448563,61.13065979587,185.88710835887,87.3669409286689
"Dadra and Nagar Haveli and Daman and Diu",2000,0.119222239,0.115266305,0.418351894,0.131465175,0.053374789,0.053691321,0.202077931,0.076414169,11.36993979,3.167058133,4.230448345,8.461976371,8665,2,1.3728719845,0.672707272405001,2.045579256905,0.961422250745351
"Puducherry",2000,0.452545718,0.443163826,0.443163826,0.180604301,0.295241808,0.259765354,0.259765354,0.142310029,7.671751713,3.510584911,3.510584911,15.91541823,3706,1,76.472581384,37.47156487816,113.94414626216,53.5537487432152
"Andhra Pradesh",2001,0.656802423,0.199988814,0.722534401,0.228239786,0.390557328,0.099649701,0.439460785,0.149024107,6.447048847,2.514483385,5.012538487,24.43405941,227013,2,106.068050344,51.97334466856,158.04139501256,74.2794556559032
"Goa",2001,0.379204066,0.371281154,0.394320237,0.24485267,0.185657174,0.158186288,0.181732347,0.134992424,6.516244282,2.478412731,2.495638184,17.03181154,49914,2,42.446552527,20.79881073823,63.24536326523,29.7253207346581
"Gujarat",2001,0.165920337,0.060593541,0.337240266,0.122083198,0.088514428,0.030224567,0.16921646,0.064930716,14.19782811,1.446474686,20.25161432,14.76684062,268137,13,12.283729894,6.01902764806,18.30275754206,8.6022960447682
"Karnataka",2001,0.286124955,0.277263155,0.404047797,0.208657618,0.141469926,0.123168716,0.201296931,0.114154207,6.5506642,1.431859461,4.913534758,24.84002347,35545,3,28.726412023,14.07594189127,42.80235391427,20.1171063397069
"Kerala",2001,0.372870428,0.329852867,0.610171676,0.159560467,0.184407391,0.127066189,0.275589193,0.105460542,12.56532178,2.450475336,9.440280119,21.18264779,17568,9,42.0584949055,20.608662503695,62.667157409195,29.4535639823216
"Maharashtra",2001,0.332350118,0.207131944,0.519650388,0.179372823,0.166433659,0.087877299,0.24806339,0.105641082,9.122170048,1.433012912,6.478718434,19.2095456,394444,7,36.4776511195,17.874049048555,54.351700168055,25.5452990789859
"Odisha",2001,0.525791788,0.269136895,0.62893353,0.172175547,0.317088097,0.126860976,0.368990761,0.116476885,5.608736695,1.414656604,5.229285926,12.28859766,238985,5,83.2558541185,40.795368518065,124.051222636565,58.3040746391855
"Tamil Nadu",2001,0.388885615,0.31827958,0.556061999,0.155069971,0.218862435,0.162150188,0.251728692,0.107375697,8.911298515,1.380237496,4.447951697,21.83017399,20604,5,52.7567860675,25.850825173075,78.607611240575,36.9455772830703
"West Bengal",2001,0.564488281,0.309313967,0.623246125,0.112682605,0.331289887,0.186837188,0.388752242,0.082588067,18.29728486,3.116903143,10.96408105,21.30577535,2449196,3,87.6655099135,42.956099857615,130.621609771115,61.3921565924241
"Andaman and Nicobar Islands",2001,0.786136716,0.791026041,0.816459558,0.099661068,0.466417998,0.47461295,0.544891786,0.090649974,9.274735325,3.393394687,7.017027305,12.83873526,304472,3,129.622788379,63.51516630571,193.13795468471,90.7748387018137
"Dadra and Nagar Haveli and Daman and Diu",2001,0.121361273,0.119254416,0.429784726,0.136078013,0.054268388,0.053676831,0.218317792,0.077557075,9.331396554,3.446325594,3.613223138,10.08027207,8665,2,1.650334474,0.80866389226,2.45899836626,1.1557292321422
"Puducherry",2001,0.469176028,0.451323523,0.451323523,0.208303912,0.266078356,0.235898802,0.235898802,0.143432819,4.438222614,2.460535886,2.460535886,10.35890227,4190,1,67.417329538,33.03449147362,100.45182101162,47.2123558754614
"Andhra Pradesh",2002,0.53355205,0.325540047,0.699287184,0.206307726,0.320719111,0.138969037,0.419907045,0.144208787,6.907367095,2.921401419,5.042309881,17.24123449,501685,5,84.3832839655,41.347809143095,125.731093108595,59.0936137610396
"Goa",2002,0.398806247,0.386653107,0.402200849,0.194067679,0.204775043,0.177710827,0.193229233,0.125733736,7.058488482,2.493991632,3.510727151,13.3637663,49914,2,48.3826508515,23.707498917235,72.090149768735,33.8823703913055
"Gujarat",2002,0.172502963,0.111203679,0.334181873,0.227012527,0.093151258,0.051801224,0.178949802,0.06183045,10.39578159,2.228008872,14.28365157,15.57251571,267201,13,13.723465609,6.72449814841,20.44796375741,9.6105429659827
"Karnataka",2002,0.317363608,0.308543149,0.457189069,0.184062445,0.160144427,0.140339926,0.255768534,0.16420751,6.853585063,1.420789538,5.599781027,26.32327881,34203,3,34.5248445835,16.917173845915,51.442018429415,24.177748661825
"Kerala",2002,0.44746954,0.314467451,0.671378624,0.159995708,0.214223211,0.142543807,0.344205052,0.110680794,17.10955092,3.456724969,8.386123798,22.19947525,18381,9,51.3163070155,25.144990437595,76.461297453095,35.9368098029546
"Maharashtra",2002,0.303094457,0.189763532,0.525440496,0.147946123,0.145723898,0.084058012,0.247979171,0.087081266,6.231559773,2.240746111,4.496084708,10.61406581,394598,7,30.047270329,14.72316246121,44.77043279021,21.0421034113987
"Odisha",2002,0.562260718,0.185615242,0.677824394,0.18875764,0.32952076,0.079100919,0.409128082,0.12529109,5.235040381,1.692754777,5.550489745,17.02818777,242312,5,87.11619598,42.6869360302,129.8031320102,61.007472044794
"Tamil Nadu",2002,0.369694527,0.111655583,0.519977843,0.196506792,0.220846373,0.037477699,0.283271842,0.12503576,11.13716983,1.416935997,9.496417578,23.96806854,43846,8,53.3727988165,26.152671420085,79.525470236585,37.3769710111949
"West Bengal",2002,0.509307561,0.345509544,0.538898716,0.797086147,0.274989106,0.189619548,0.30851427,0.247369993,24.52201611,2.119627776,9.704087318,27.29634459,2382701,3,70.184117413,34.39021753237,104.57433494537,49.1499374243239
"Andaman and Nicobar Islands",2002,0.787920938,0.816447601,0.839856111,0.12659663,0.453724544,0.450021408,0.603581186,0.113665657,13.91404714,3.363857384,9.59151965,16.40214574,608343,3,125.681470912,61.58392074688,187.26539165888,88.0147340796736
"Dadra and Nagar Haveli and Daman and Diu",2002,0.134310086,0.126985087,0.270751051,0.118198831,0.06061933,0.057623415,0.142019833,0.070982504,9.463958569,2.712690355,3.237051674,7.312597484,8619,2,3.622301965,1.77492796285,5.39722992785,2.5366980660895
"Puducherry",2002,0.47399854,0.462942261,0.462942261,0.187412485,0.267758436,0.236360251,0.236360251,0.137581173,4.803964338,2.473783596,2.473783596,11.24211185,4184,1,67.938994378,33.29010724522,101.22910162322,47.5776777629134
"Andhra Pradesh",2003,0.491478818,0.197326445,0.644516904,0.172425119,0.298465835,0.087175279,0.39262905,0.117669019,7.49907357,2.21537508,4.504596556,16.60444281,499520,5,77.4736417675,37.962084466075,115.435726233575,54.2547913297802
"Goa",2003,0.423531034,0.410316494,0.449369876,0.214061395,0.208081443,0.181720196,0.20534367,0.13164813,5.70017074,2.480509831,2.512008316,11.65888638,49914,2,49.4092880515,24.210551145235,73.619839196735,34.6013244224654
"Gujarat",2003,0.170208676,0.095317299,0.270385412,0.116885947,0.093753941,0.047878646,0.145176934,0.063871164,9.73278881,1.479472133,51.24625,14.09512993,239756,13,13.9105986805,6.816193353445,20.726792033945,9.74159225595415
"Karnataka",2003,0.336938122,0.339710272,0.511110465,0.215228811,0.160923923,0.13869263,0.240407526,0.117131942,7.303747552,1.418238404,7.02315814,25.0779572,35545,3,34.7668780915,17.035770264835,51.802648356335,24.3472447274775
"Kerala",2003,0.473661869,0.32244384,0.639690054,0.154758491,0.226538356,0.134469728,0.344032752,0.104201644,13.34423759,2.059927252,9.586085149,19.41488085,17382,9,55.140159538,27.01867817362,82.15883771162,38.6146537244614
"Maharashtra",2003,0.313982554,0.189523467,0.48243438,0.142502867,0.16256378,0.091833634,0.2362702,0.088043168,5.157576774,1.446066232,4.484387312,10.73961608,394597,7,35.27605369,17.2852663081,52.5613199981,24.703820399107
"Odisha",2003,0.516414432,0.232353047,0.605571627,0.180702308,0.330803593,0.100682759,0.384774347,0.123155492,8.182660969,2.384126942,6.489485952,21.61471451,242312,5,87.5145156265,42.882112656985,130.396628283485,61.2864152932379
"Tamil Nadu",2003,0.399965041,0.18240683,0.527342419,0.209640842,0.218646458,0.079773557,0.263616992,0.12677839,8.73128625,1.40639258,14.78675,21.93845274,36122,8,52.689725209,25.81796535241,78.50769056141,36.8986145638627
"West Bengal",2003,0.599681654,0.346465672,0.731098876,0.127553313,0.34588706,0.204904082,0.37289808,0.083570233,9.59231997,2.212821324,6.980105726,7.903794933,2449196,3,92.19793213,45.1769867437,137.3749188737,64.566211870639
"Andaman and Nicobar Islands",2003,0.815890474,0.855551131,0.863387898,0.12246888,0.469805637,0.488346581,0.572426767,0.106902195,11.16236544,3.37762673,8.909922089,12.7206641,639214,3,130.6746502885,64.030578641365,194.705228929865,91.5114575970365
"Dadra and Nagar Haveli and Daman and Diu",2003,0.141455715,0.134956542,0.438568279,0.121868121,0.060500277,0.055673506,0.24669805,0.071700973,6.528555998,2.231375977,3.422325643,6.604176829,8665,2,3.5853360085,1.756814644165,5.342150652665,2.51081080675255
"Puducherry",2003,0.415573745,0.40242946,0.40242946,0.166237568,0.247201248,0.220705696,0.220705696,0.121618745,4.345110836,2.45494192,2.45494192,10.10618574,4190,1,61.555987504,30.16243387696,91.71842138096,43.1076580490512
"Andhra Pradesh",2004,0.519825435,0.198041295,0.707064806,0.179520019,0.31868513,0.083736634,0.435551214,0.122514349,7.106881162,2.465121839,10.7074218,15.89879518,503800,5,83.751732865,41.03834910385,124.79008196885,58.6513385253595
"Goa",2004,0.392772493,0.386797189,0.394451704,0.209044131,0.203377419,0.181600273,0.18951778,0.13082421,6.220814771,2.496118687,2.509175453,13.72013934,47467,2,47.9486885995,23.494857413755,71.443546013255,33.5784666262298
"Gujarat",2004,0.208195147,0.119139865,0.322376566,0.128630582,0.110554244,0.056584715,0.166417343,0.068900007,9.669733648,1.713945851,4.466932066,13.1626234,266154,13,19.127092762,9.37227545338,28.49936821538,13.3947030612286
"Karnataka",2004,0.286631562,0.277273775,0.402377889,0.20401301,0.147306688,0.126906947,0.205078507,0.113742092,5.848675175,1.439000769,4.881656721,25.00200067,32548,3,30.538726624,14.96397604576,45.50270266976,21.3862702547872
"Kerala",2004,0.415291285,0.371234826,0.624295372,0.154283368,0.201893711,0.142667832,0.329416276,0.103100633,14.55758282,3.389460081,7.469543879,21.06201209,17780,8,47.4879972655,23.269118660095,70.757115925595,33.2558444850296
"Maharashtra",2004,0.333309317,0.222660611,0.49596022,0.161741889,0.15616216,0.087886094,0.236553437,0.092021144,5.4385333,1.435955943,4.49393392,12.77683026,388098,7,33.28835068,16.3112918332,49.5996425132,23.311831981204
"Odisha",2004,0.501831015,0.30276426,0.574268904,0.148009021,0.314196264,0.151714195,0.353620325,0.107798839,6.541018105,2.219879653,6.229335673,13.17886157,242312,5,82.357939972,40.35539058628,122.71333055828,57.6752653623916
"Tamil Nadu",2004,0.36925691,0.196878216,0.443454735,0.173997949,0.216635443,0.11160727,0.256098097,0.113931826,6.033434968,0.651532378,15.70272276,18.23638684,44946,8,52.0653050515,25.511999475235,77.577304526735,36.4613331275655
"West Bengal",2004,0.558900891,0.337639476,0.630684758,0.132588792,0.312574934,0.192098824,0.341688665,0.074932549,20.0516449,2.461523949,6.47345354,30.64972052,2449196,3,81.854517007,40.10871333343,121.96323034043,57.3227182600021
"Andaman and Nicobar Islands",2004,0.778909889,0.816406687,0.847759906,0.111925203,0.430735291,0.45120257,0.584049287,0.098422359,11.13714694,3.171898062,8.907663949,14.82377313,659551,3,118.5433078555,58.086220849195,176.629528704695,83.0158784912066
"Dadra and Nagar Haveli and Daman and Diu",2004,0.192275122,0.177468117,0.499561852,0.127078229,0.080652594,0.073210953,0.240376435,0.072594006,10.07186766,2.735673726,3.335865296,7.988560062,8665,2,9.842630437,4.82288891413,14.66551935113,6.8927940950311
"Puducherry",2004,0.45773659,0.458766771,0.458766771,0.17784514,0.268515451,0.252285089,0.252285089,0.124682306,4.223309971,2.513035356,2.513035356,9.568662344,4190,1,68.1740475355,33.405283292395,101.579330827895,47.7422854891106
"Andhra Pradesh",2005,0.532922442,0.221409499,0.699214461,0.181542369,0.332891722,0.091893,0.45900135,0.127720819,8.596859445,3.505511474,5.718655992,18.68408763,502653,5,88.162879681,43.19981104369,131.36269072469,61.7404646406043
"Goa",2005,0.43897323,0.441313257,0.44900369,0.212006112,0.220166675,0.197342707,0.205135213,0.131813662,6.266698555,2.487234858,2.524781312,14.01164878,49848,2,53.1617525875,26.049258767875,79.211011355375,37.2291753370262
"Gujarat",2005,0.201283378,0.115321891,0.307152909,0.130095024,0.107774783,0.049804171,0.164648412,0.069383408,8.116364939,1.231498814,4.465439818,12.14733902,257698,13,18.2640701215,8.949394359535,27.213464481035,12.7903283060865
"Karnataka",2005,0.322605001,0.3242651,0.427665666,0.198329721,0.158577645,0.138658222,0.219631211,0.110411496,6.517768837,1.428285377,6.926287615,23.86605162,34507,3,34.0383587725,16.678795798525,50.717154571025,23.8370626483817
"Kerala",2005,0.454758391,0.41227931,0.661269658,0.154034601,0.228503862,0.153814438,0.374317435,0.109873085,14.25317417,3.463570047,7.516506463,20.08377259,18219,9,55.750449151,27.31772008399,83.06816923499,39.0420395404453
"Maharashtra",2005,0.373867901,0.238313964,0.505976694,0.162696178,0.179790052,0.099623254,0.248024554,0.097732122,4.387445542,1.418350537,4.484037723,10.19285031,394599,7,40.624811146,19.90615746154,60.53096860754,28.4495552455438
"Odisha",2005,0.513706134,0.31431001,0.583878731,0.154556786,0.328933813,0.155405511,0.365279529,0.115774077,6.138631282,2.434951807,6.477115013,14.67870258,242312,5,86.9339489365,42.597634978885,129.531583915385,60.8798444402309
"Tamil Nadu",2005,0.3848674,0.141692665,0.535266949,0.180048676,0.228793543,0.08428767,0.267562226,0.121707977,7.513658744,0.963759065,8.423935262,21.07646191,44645,8,55.8403951015,27.361793599735,83.202188701235,39.1050286895804
"West Bengal",2005,0.58383625,0.360979538,0.634940753,0.122585917,0.332054044,0.209828131,0.36131525,0.079739247,10.84808461,1.72803937,6.975654944,12.53296793,2449196,3,87.902780662,43.07236252438,130.97514318638,61.5583172975986
"Andaman and Nicobar Islands",2005,0.754258605,0.433537048,0.800864184,0.160405312,0.42233226,0.216720065,0.455103054,0.120346638,11.51075036,1.045962054,8.939393908,15.22089137,661286,3,115.93416673,56.8077416977,172.7419084277,81.188696961019
"Dadra and Nagar Haveli and Daman and Diu",2005,0.162621192,0.142600601,0.459019799,0.121123073,0.071260615,0.063414741,0.225412498,0.071205615,9.578176224,2.240490225,2.598149372,7.419854444,8665,2,6.9264209575,3.393946269175,10.320367226675,4.85057259653725
"Puducherry",2005,0.46810496,0.474791743,0.474791743,0.17481926,0.297982253,0.27518227,0.27518227,0.144505671,6.425479392,3.466763376,3.466763376,13.76134061,4190,1,77.3234895565,37.888509882685,115.211999439185,54.1496397364169
"Andhra Pradesh",2006,0.560453846,0.311773138,0.730561567,0.188070468,0.321916976,0.130731499,0.416055222,0.127680236,7.058087954,4.494039428,5.199034629,17.81731209,503803,5,84.755221048,41.53005831352,126.28527936152,59.3540812999144
"Goa",2006,0.454137128,0.47265645,0.480433592,0.213653128,0.225832449,0.20908828,0.224534783,0.132898241,7.107950582,3.441021689,3.522122203,15.75979699,49914,2,54.9209754145,26.911277953105,81.832253367605,38.4611590827743
"Gujarat",2006,0.222514804,0.150534304,0.342803086,0.137240722,0.118506222,0.060331223,0.190089503,0.073065119,11.54550966,1.2089119,9.501545903,14.80669093,267869,13,21.596181931,10.58212914619,32.17831107719,15.1238062062793
"Karnataka",2006,0.326925235,0.339920096,0.511891371,0.228536738,0.161539621,0.142514981,0.244198176,0.122544411,6.468987596,1.429542816,6.891855868,25.88090189,35350,3,34.9580523205,17.129445637045,52.087497957545,24.4811240400462
"Kerala",2006,0.519800795,0.447173703,0.686676303,0.150120106,0.256181417,0.177494531,0.3734144,0.109362015,13.83648146,3.749790519,8.458006121,19.55394608,17237,9,64.3443299785,31.528721689465,95.873051667965,45.0603342839435
"Maharashtra",2006,0.377692434,0.253910058,0.544966705,0.156374085,0.180167173,0.107383526,0.259850949,0.092573553,4.17423939,1.417307356,4.47936791,10.13529056,394599,7,40.7419072165,19.963534536085,60.705441752585,28.531557623715
"Odisha",2006,0.551465204,0.334256306,0.644599105,0.168244331,0.337004177,0.163255317,0.384751501,0.117011476,5.004330234,3.244722947,5.501462564,14.0778991,242312,5,89.4397969585,43.825500509665,133.265297468165,62.6346898100375
"Tamil Nadu",2006,0.434830834,0.270397359,0.574842893,0.187167245,0.251877881,0.137912536,0.294866305,0.125980452,8.99421176,1.064733919,29.51428571,23.07039683,44555,8,63.0080820505,30.873960204745,93.882042255245,44.1245598599652
"West Bengal",2006,0.573693396,0.306324945,0.660295937,0.122487614,0.317002021,0.169177814,0.373050129,0.076595861,12.3725592,2.223536779,6.974351849,14.13253091,2449196,3,83.2291275205,40.782272485045,124.011400005545,58.2853580026061
"Andaman and Nicobar Islands",2006,0.761224622,0.363558023,0.824340276,0.167338142,0.425100605,0.160272806,0.470723541,0.129114985,10.090228,1.099937026,7.107520824,13.8417498,657659,3,116.7937378525,57.228931547725,174.022669400225,81.7906546181057
"Dadra and Nagar Haveli and Daman and Diu",2006,0.197488428,0.189941123,0.51373391,0.130640442,0.080515818,0.077177804,0.251825102,0.075674922,13.62573064,2.858965015,3.753184173,9.168999791,8665,2,9.800161489,4.80207912961,14.60224061861,6.8630530907467
"Puducherry",2006,0.482591837,0.494062989,0.494062989,0.196579825,0.260434632,0.240457465,0.240457465,0.133846846,3.127964778,2.253837302,2.253837302,5.831892968,4190,1,65.664953236,32.17582708564,97.84078032164,45.9851667511708
"Andhra Pradesh",2007,0.5438507,0.342190982,0.691460414,0.159762517,0.344407504,0.161599101,0.455076123,0.117960003,7.389351724,2.928746964,5.005873706,15.31326115,503803,5,91.738529992,44.95187969608,136.69040968808,64.2444925533976
"Goa",2007,0.473952385,0.472805351,0.519481414,0.185325853,0.236509968,0.220732259,0.244103541,0.123984191,5.172612177,2.519742455,2.521084368,10.81504207,49914,2,58.236345064,28.53580908136,86.77215414536,40.7829124483192
"Gujarat",2007,0.237261393,0.165733905,0.400232643,0.141703471,0.130119958,0.068426969,0.215789926,0.08061401,10.02358428,1.235992118,5.469169762,13.58996052,264975,13,25.202246959,12.34910100991,37.55134796891,17.6491335453877
"Karnataka",2007,0.420415433,0.433562945,0.533328575,0.190105021,0.203832589,0.18550102,0.275356862,0.115613173,6.924948867,2.478111331,5.470286547,20.79712241,34530,3,48.0900188845,23.564109253405,71.654128137905,33.6774402248153
"Kerala",2007,0.519566725,0.47080909,0.625250264,0.1404174,0.272759802,0.204822677,0.336964182,0.106077386,13.52808947,3.45305993,6.608496154,20.3817868,18365,9,69.491918521,34.05104007529,103.54295859629,48.6651905402563
"Maharashtra",2007,0.378561977,0.248094708,0.5214764,0.146353408,0.190276165,0.111291141,0.263574064,0.090476483,5.010125946,1.432664685,4.483282305,11.26556804,390225,7,43.8807492325,21.501567123925,65.382316356425,30.7296886875197
"Odisha",2007,0.546082827,0.373678365,0.623099697,0.162771178,0.332864963,0.185403138,0.384846812,0.115026352,5.51831255,3.451245299,5.538230384,17.26855593,242312,5,88.1545710115,43.195739795635,131.350310807135,61.7346460793534
"Tamil Nadu",2007,0.434038342,0.18915248,0.543231963,0.177611445,0.272370407,0.104334899,0.33386313,0.125762194,7.433615655,1.428290802,4.597145429,20.87818267,44576,8,69.3710113735,33.991795573015,103.362806946515,48.580519264862
"West Bengal",2007,0.549880519,0.345583781,0.623030411,0.115332837,0.324871738,0.205666991,0.353495599,0.073137208,22.1120661,2.207404594,8.910911809,23.52035923,2449196,3,85.672674649,41.97961057801,127.65228522701,59.9965740566947
"Andaman and Nicobar Islands",2007,0.722529256,0.426180919,0.777444055,0.169959655,0.409353147,0.206992549,0.443385908,0.13535318,11.30751288,1.207271598,7.083225738,16.63693624,659485,3,111.9041521435,54.833034550315,166.737186693815,78.366477746093
"Dadra and Nagar Haveli and Daman and Diu",2007,0.235534441,0.214692361,0.470879094,0.127261603,0.100175302,0.087851135,0.258890808,0.078589857,14.86201993,3.761177283,4.23950182,11.70904141,8665,2,15.904431271,7.79317132279,23.69760259379,11.1378732190813
"Puducherry",2007,0.475359719,0.479210697,0.479210697,0.172999042,0.283674179,0.26779768,0.26779768,0.128027643,3.65142905,2.242086763,2.242086763,8.25281121,4190,1,72.8808325795,35.711607963955,108.592440543455,51.0384470554239
"Andhra Pradesh",2008,0.589957655,0.372629848,0.730572419,0.172961599,0.364769293,0.16540067,0.466833934,0.130312944,9.693921601,4.514348853,7.030446863,20.74366431,503168,5,98.0608654765,48.049824083485,146.110689559985,68.6720240931929
"Goa",2008,0.509882365,0.527459805,0.535096593,0.184063294,0.256646707,0.252062171,0.255731983,0.124867333,7.663263137,3.441744397,3.518349724,14.78938466,49746,2,64.4888025235,31.599513236515,96.088315760015,45.161508407207
"Gujarat",2008,0.259360284,0.136556587,0.394951089,0.132246783,0.14041906,0.064461977,0.218566656,0.076960777,9.436012456,1.237869452,8.481239275,11.02303038,259795,13,28.40011813,13.9160578837,42.3161760137,19.888602726439
"Karnataka",2008,0.420363759,0.433731293,0.529510113,0.185391062,0.201037402,0.181668076,0.254804607,0.107525459,8.02635139,2.479495412,5.475056283,20.63204442,35329,3,47.222113321,23.13883552729,70.36094884829,33.0696459586963
"Kerala",2008,0.515403637,0.494232174,0.643371602,0.140753988,0.261038082,0.22839104,0.327911193,0.107273862,14.126251,3.232301279,8.477834391,19.81025654,18054,9,65.852324461,32.26763898589,98.11996344689,46.1163828200383
"Maharashtra",2008,0.376570039,0.261600014,0.55282636,0.14235759,0.186108077,0.111344484,0.267508299,0.088368971,4.729720363,1.419211914,4.481840996,10.79529376,394599,7,42.5865579085,20.867413375165,63.453971283665,29.8233665033225
"Odisha",2008,0.519467325,0.377678386,0.634578005,0.147255689,0.321347048,0.186635338,0.404254287,0.109618147,6.336739585,3.441384852,6.473368885,17.71092227,242312,5,84.578258404,41.44334661796,126.02160502196,59.2301543603212
"Tamil Nadu",2008,0.491814792,0.259604432,0.652611973,0.185543525,0.295757445,0.137112091,0.365301979,0.130445627,9.802097164,2.20219138,29.7,23.80354689,43685,8,76.6326866725,37.550016469525,114.182703142025,53.6658704767517
"West Bengal",2008,0.595926335,0.369380695,0.660099762,0.11210727,0.335341131,0.217929,0.388682842,0.074685591,10.67002296,1.610132541,6.960153508,11.17307735,2449196,3,88.9234211755,43.572476375995,132.495897551495,62.2730718492026
"Andaman and Nicobar Islands",2008,0.733031181,0.364820942,0.785226797,0.28514127,0.420660895,0.246325642,0.45124856,0.142672461,11.18193864,2.868489936,7.037502722,18.98089271,654479,3,115.4152078975,56.553451869775,171.968659767275,80.8252700906192
"Dadra and Nagar Haveli and Daman and Diu",2008,0.18044782,0.165547768,0.510796975,0.107823507,0.081084712,0.072142214,0.246612369,0.066539544,13.62988683,2.7873585,4.250200098,8.333423036,8665,2,9.976803076,4.88863350724,14.86543658324,6.9867551941228
"Puducherry",2008,0.489441025,0.494124111,0.494124111,0.17237051,0.287650073,0.267270863,0.267270863,0.128338649,4.079323378,2.22928474,2.22928474,9.667500601,4190,1,74.1153476665,36.316520356585,110.431868023085,51.9029779708499
"Andhra Pradesh",2009,0.549635294,0.264417153,0.652402918,0.146936895,0.358157664,0.133992956,0.451195593,0.113056567,10.68153838,2.491882593,13.60131663,21.91454322,503653,5,96.007954672,47.04389778928,143.05185246128,67.2343706568016
"Goa",2009,0.482470239,0.511663578,0.511740153,0.173324555,0.251504145,0.251994823,0.259761251,0.12138867,10.07296396,3.431647309,4.480927883,18.27078298,49914,2,62.8920370225,30.817098141025,93.709135163525,44.0432935268568
"Gujarat",2009,0.241076938,0.166011753,0.355040326,0.119318806,0.131007652,0.072128421,0.189881423,0.07020923,10.75572089,1.383775389,7.472521314,11.12458315,268450,13,25.477875946,12.48415921354,37.96203515954,17.8421565249838
"Karnataka",2009,0.401659097,0.394333809,0.525007386,0.160541955,0.204646161,0.181595288,0.276366708,0.102419501,10.63005289,2.485539689,7.461752244,23.27718525,35541,3,48.3426329905,23.687890165345,72.030523155845,33.8543458832471
"Kerala",2009,0.506437062,0.501859013,0.626172781,0.126139569,0.268391058,0.224674256,0.37219511,0.098553065,12.46801538,2.788351254,6.503566687,18.4531266,18327,9,68.135423509,33.38635751941,101.52178102841,47.7152370833527
"Maharashtra",2009,0.365897799,0.236260615,0.519565255,0.139047931,0.179168266,0.103462649,0.255804157,0.084442096,5.665625163,1.418952632,5.491836988,12.53174166,394599,7,40.431746593,19.81155583057,60.24330242357,28.3143521390779
"Odisha",2009,0.504011906,0.349141917,0.563973813,0.127459144,0.315868059,0.178513851,0.376895328,0.096997472,6.345270938,3.443858992,7.578990223,22.63465308,242312,5,82.8770323195,40.609745836555,123.486778156055,58.0387857333458
"Tamil Nadu",2009,0.478575342,0.303392666,0.636884026,0.168131574,0.291682159,0.161656301,0.357200953,0.124729033,9.701551518,2.216494549,5.525441728,22.07897035,44995,8,75.3673103695,36.929982081055,112.297292450555,52.7797274517608
"West Bengal",2009,0.528215945,0.276427664,0.595962067,0.084673269,0.308096866,0.167197578,0.336954383,0.057472096,30.5084383,2.116039398,12.95552424,20.8990099,2449196,3,80.464076893,39.42739767757,119.89147457057,56.3489930481679
"Andaman and Nicobar Islands",2009,0.731171118,0.503685983,0.777433613,0.175827878,0.406362588,0.254022593,0.435555567,0.139099677,9.97521223,2.886568334,7.507169827,15.48552215,660853,3,110.975583574,54.37803595126,165.35361952526,77.7162011768722
"Dadra and Nagar Haveli and Daman and Diu",2009,0.231850457,0.208857758,0.473876122,0.121556775,0.099129897,0.08693888,0.234591286,0.073362213,6.859322707,2.223371169,3.236259229,6.854178717,8665,2,15.5798330185,7.634118179065,23.213951197565,10.9105570628556
"Puducherry",2009,0.443223213,0.439451897,0.439451897,0.150688022,0.277447181,0.255751383,0.255751383,0.121627665,5.787876817,2.459845447,2.459845447,13.90025976,4190,1,70.9473497005,34.764201353245,105.711551053745,49.6844289952601
"Andhra Pradesh",2010,0.554857198,0.20901975,0.628938002,0.164094502,0.344080429,0.080200884,0.412130906,0.116104066,12.28249991,4.422814043,6.932351564,23.29842112,503705,5,91.6369732045,44.902116870205,136.539090074705,64.1733723351114
"Goa",2010,0.505988332,0.511740895,0.529252461,0.165039254,0.296422681,0.29881142,0.302570415,0.122237963,9.373000205,3.405150345,3.472603807,18.38322445,44655,2,76.8392424505,37.651228800745,114.490471251245,53.8105214880852
"Gujarat",2010,0.261123652,0.173902723,0.412559918,0.122890775,0.140494914,0.076174137,0.223675248,0.071917244,8.909723045,1.455876901,7.447276118,11.74771723,268439,13,28.423670797,13.92759869053,42.35126948753,19.9050966591391
"Karnataka",2010,0.4617994,0.456785893,0.591987585,0.15676956,0.238062856,0.216731685,0.319328503,0.104228401,10.05258336,2.484118435,5.488209736,21.63535236,34662,3,58.718516788,28.77207322612,87.49059001412,41.1205773066364
"Kerala",2010,0.575735126,0.564266444,0.669908969,0.127145404,0.304196228,0.267610223,0.364872544,0.106752049,13.58442173,3.230334431,6.439421456,19.63288037,18216,9,79.252928794,38.83393510906,118.08686390306,55.5008260344382
"Maharashtra",2010,0.410243644,0.300772193,0.50986604,0.138411471,0.214077317,0.130904362,0.263727951,0.093866891,6.322825877,1.480070072,7.504298035,14.78097629,383070,7,51.2710069285,25.122793394965,76.393800323465,35.9050861520285
"Odisha",2010,0.527116234,0.36979911,0.584032616,0.125538293,0.340425722,0.192259747,0.392757567,0.095403271,7.534425496,4.444522498,7.499314611,20.42558718,242312,5,90.502186681,44.34607147369,134.84825815469,63.3786813327043
"Tamil Nadu",2010,0.47781135,0.368505496,0.574119164,0.157773996,0.28801474,0.2051246,0.357495334,0.1149468,8.765308476,2.234656728,21.86538462,22.59046708,44403,8,74.22857677,36.3720026173,110.6005793873,51.982272312031
"West Bengal",2010,0.565923682,0.318557734,0.615295583,0.098235302,0.319302699,0.180576107,0.353556844,0.0634978,13.09330004,1.613571606,6.986649616,14.30001745,2449196,3,83.9434880395,41.132309139355,125.075797178855,58.7856246740619
"Andaman and Nicobar Islands",2010,0.763137118,0.550690713,0.816420222,0.172568441,0.418133935,0.308964259,0.447280404,0.144999453,8.641940451,2.913841479,6.960532742,13.32586332,660573,3,114.6305868175,56.168987540575,170.799574358075,80.2757999482952
"Dadra and Nagar Haveli and Daman and Diu",2010,0.229103369,0.212928553,0.5229227,0.114740707,0.097334664,0.088059603,0.274281376,0.071970071,12.19079208,3.220077265,4.013565891,8.713740536,8665,2,15.022413172,7.36098245428,22.38339562628,10.5201959443516
"Puducherry",2010,0.446470276,0.443442182,0.443442182,0.160656608,0.278093696,0.259779239,0.259779239,0.125266915,6.850970558,3.502801753,3.502801753,16.08363464,4190,1,71.148092608,34.86256537792,106.01065798592,49.8250092533824
"Andhra Pradesh",2011,0.595244838,0.200955396,0.707007898,0.16864956,0.395164642,0.083855907,0.482460054,0.133901795,17.05763613,5.022659927,20.42638889,31.08847238,503004,5,107.498621341,52.67432445709,160.17294579809,75.2812845251023
"Goa",2011,0.611932613,0.652364315,0.66028286,0.168071921,0.299975275,0.306754746,0.314539267,0.125519494,5.574181384,3.423187085,3.493122166,10.7234292,47328,2,77.9423228875,38.191738214875,116.134061102375,54.5830087181162
"Gujarat",2011,0.305720816,0.206942608,0.552677905,0.140883761,0.163343978,0.083951488,0.291760098,0.084689054,11.3703068,1.227464691,13.48486895,11.40127013,268331,13,35.518305169,17.40396953281,52.92227470181,24.8734691098507
"Karnataka",2011,0.552886292,0.566386676,0.638639945,0.167495738,0.257885677,0.24005781,0.313959499,0.111136695,8.941455804,2.486456031,5.489130696,20.03502184,30641,3,64.8735027085,31.788016327165,96.661519035665,45.4309139467625
"Kerala",2011,0.621442393,0.566930333,0.743983063,0.139075974,0.332271305,0.279598301,0.397578634,0.112903664,12.69898948,2.502796607,5.310472385,24.44178007,11683,5,87.9702402025,43.105417699225,131.075657901725,61.6055592138107
"Maharashtra",2011,0.444114819,0.347895216,0.636802852,0.149034469,0.219058886,0.146566031,0.298873946,0.095801705,6.564592183,1.46545841,4.875577664,13.65772467,389926,7,52.817784103,25.88071421047,78.69849831347,36.9882942073309
"Odisha",2011,0.53990484,0.477969716,0.638459413,0.1367644,0.335262539,0.252982319,0.427680883,0.103031234,6.416936335,3.438642761,7.410080225,18.23173453,242312,5,88.8990183595,43.560518996155,132.459537355655,62.2559825571579
"Tamil Nadu",2011,0.517906812,0.404204943,0.652435742,0.174415984,0.318721877,0.216746864,0.376998922,0.132349952,14.65439634,2.757926639,8.508216176,28.04339247,44794,8,83.7631428085,41.043939976165,124.807082784665,58.6593289087925
"West Bengal",2011,0.553944193,0.334311399,0.580014061,0.09752691,0.321186004,0.186508142,0.338915802,0.06716639,14.29037616,1.859097422,8.486056225,14.25708363,2449196,3,84.528254242,41.41884457858,125.94709882058,59.1951364456726
"Andaman and Nicobar Islands",2011,0.783948247,0.633396435,0.832087181,0.18549302,0.432279428,0.352666419,0.466806334,0.659089261,7.867345401,2.640512007,6.995282063,14.48554353,638179,3,119.022762394,58.32115357306,177.34391596706,83.3516405045182
"Dadra and Nagar Haveli and Daman and Diu",2011,0.268476057,0.248041976,0.598510699,0.127119965,0.113990912,0.099709011,0.30100869,0.078876963,15.98557698,4.073209456,4.450286596,9.863168906,8665,2,20.194178176,9.89514730624,30.08932548224,14.1419829766528
"Puducherry",2011,0.494233606,0.521764645,0.521764645,0.173619529,0.324463826,0.321888753,0.321888753,0.148159525,7.389536176,4.540710337,4.540710337,13.9524125,4190,1,85.546017973,41.91754880677,127.46356677977,59.9078763864919
"Andhra Pradesh",2012,0.559585052,0.207669365,0.660150091,0.160955933,0.366996391,0.099310793,0.443381288,0.124629632,14.81788067,4.551214222,8.491384804,23.6254987,497915,5,98.7523794055,48.388665908695,147.141045314195,69.1562912976716
"Goa",2012,0.528408696,0.548780992,0.558549581,0.153019473,0.275331054,0.279225492,0.287136174,0.110492953,7.894159821,3.429289642,3.508328762,13.99145964,49872,2,70.290292267,34.44224321083,104.73253547783,49.2242916745801
"Gujarat",2012,0.280552201,0.189466759,0.501622319,0.116913708,0.155955778,0.087734476,0.274815057,0.070732086,9.879807894,1.243006933,5.471966728,11.59242174,267400,13,33.224269069,16.27989184381,49.50416091281,23.2669556290207
"Karnataka",2012,0.447160918,0.441292566,0.533388227,0.138244975,0.230407046,0.208888416,0.283966411,0.093078759,10.50720809,2.482356536,6.474718637,24.16175144,35519,3,56.341387783,27.60728001367,83.94866779667,39.4558738644349
"Kerala",2012,0.560110441,0.501868133,0.669917069,0.119008649,0.311673223,0.275392173,0.366930423,0.101867228,16.28306404,3.460327633,7.440177826,24.06688924,18402,9,81.5745357415,39.971522513335,121.546058254835,57.1266473797725
"Maharashtra",2012,0.39840502,0.285228196,0.533106052,0.125748467,0.197286175,0.126995867,0.275371198,0.077534767,5.144921738,1.467140144,4.481079515,11.01990312,394599,7,46.0573573375,22.568105095375,68.625462432875,32.2539673434513
"Odisha",2012,0.467052203,0.352787927,0.537008063,0.107198515,0.310080169,0.21937059,0.400208811,0.086204076,9.876678736,2.869835468,27.57681822,34.25089846,239258,5,81.0798924745,39.729147312505,120.809039787005,56.7802486998923
"Tamil Nadu",2012,0.489982997,0.423540073,0.587940775,0.150772091,0.323717333,0.232560419,0.385070442,0.119682973,8.742665389,1.438379196,5.231448708,18.81322079,42457,8,85.3142318965,41.803973629285,127.118205525785,59.7455565971189
"West Bengal",2012,0.569053301,0.364868517,0.644473581,0.111084872,0.325434962,0.223412124,0.361340307,0.072922476,15.67647319,2.73551966,8.938394399,15.89984099,2449057,3,85.847555701,42.06530229349,127.91285799449,60.1190432574103
"Andaman and Nicobar Islands",2012,0.789426343,0.644452795,0.832103088,0.167477745,0.452841805,0.378597292,0.478545652,0.142073852,10.48509784,2.980159239,7.042417024,16.67972891,656143,3,125.4073804525,61.449616421725,186.856996874225,87.8227885308857
"Dadra and Nagar Haveli and Daman and Diu",2012,0.236083897,0.216784002,0.545065758,0.113878301,0.1113325,0.102444522,0.283682624,0.066307687,3.527471033,1.241588232,3.517605388,5.088747271,8515,2,19.36874125,9.4906832125,28.8594244625,13.563929497375
"Puducherry",2012,0.467123896,0.478378048,0.478378048,0.174828061,0.28193622,0.271769376,0.271769376,0.132919236,7.885509145,4.543311687,4.543311687,16.24136887,4190,1,72.34119631,35.4471861919,107.7883825019,50.660539775893
"Andhra Pradesh",2013,0.601817731,0.278345334,0.714897022,0.153852534,0.397582238,0.134913577,0.459020826,0.124497345,22.52360124,5.103669457,10.91230674,34.84319058,469760,5,108.249284899,53.04214960051,161.29143449951,75.8069742147697
"Goa",2013,0.537586114,0.574133387,0.581998177,0.176152457,0.279797097,0.287117325,0.290938522,0.12050282,9.679432682,3.439451058,4.491353663,19.27969693,49244,2,71.6769986185,35.121729323065,106.798727941565,50.1954021325355
"Gujarat",2013,0.290157538,0.174183592,0.44735332,0.122105635,0.153613239,0.080145057,0.24521456,0.070650527,6.634208392,1.716678946,3.479420803,10.56161207,268450,13,32.4969107095,15.923486247655,48.420396957155,22.7575865698628
"Karnataka",2013,0.49908092,0.527249962,0.587583385,0.179885239,0.23532145,0.220823666,0.306538735,0.111278292,12.98361607,3.013251646,9.498212692,29.27492467,35401,3,57.867310225,28.35498201025,86.22229223525,40.5244773505675
"Kerala",2013,0.584315273,0.576386605,0.657629679,0.120816911,0.320976776,0.283368169,0.371477163,0.101610923,13.93363818,3.207602613,5.461490368,19.87789781,18279,9,84.463288948,41.38701158452,125.85030053252,59.1496412502844
"Maharashtra",2013,0.427865751,0.316462142,0.556688911,0.14075483,0.208603031,0.134768084,0.279251818,0.08783526,5.848755773,1.486112348,4.487752698,12.37914504,374212,7,49.5712411255,24.289908151495,73.861149276995,34.7147401601876
"Odisha",2013,0.569039853,0.443336946,0.613403273,0.13546156,0.346245228,0.231197182,0.427814188,0.101283694,6.300587591,2.461993884,6.534324879,27.43687412,242169,5,92.309143294,45.23148021406,137.54062350806,64.6440930487882
"Tamil Nadu",2013,0.519171872,0.384669319,0.626927544,0.151080523,0.301600552,0.221009959,0.369187384,0.111503439,9.940313032,1.441312955,7.37826683,25.27338939,44564,8,78.446971396,38.43901598404,116.88598738004,54.9364140686188
"West Bengal",2013,0.538793155,0.345314288,0.587332362,0.122392291,0.319500948,0.225240007,0.341852908,0.06723017,30.96217737,3.221379271,9.481086146,36.96412173,2449196,3,84.005044354,41.16247173346,125.16751608746,58.8287325611062
"Andaman and Nicobar Islands",2013,0.773221558,0.702811267,0.832105086,0.173313043,0.441868811,0.417724514,0.470710167,0.14941222,10.80242725,3.07950898,7.047213545,17.65700189,655136,3,122.0002658155,59.780130249595,181.780396065095,85.4367861505946
"Dadra and Nagar Haveli and Daman and Diu",2013,0.229803034,0.208897282,0.551259055,0.116065755,0.103643903,0.090803528,0.284559263,0.070105591,6.043755696,2.231822032,3.358538122,6.503526069,8665,2,16.9814318815,8.320901621935,25.302333503435,11.8920967466144
"Puducherry",2013,0.474128836,0.48654801,0.48654801,0.169676136,0.291603469,0.279386895,0.279386895,0.123377778,5.425242705,3.515236501,3.515236501,11.48938442,4190,1,75.3428771245,36.918009791005,112.260886915505,52.7626168502873
"Andhra Pradesh",2014,0.647698466,0.302627963,0.748037379,0.159543149,0.395318444,0.10334909,0.458980326,0.117778137,11.27012827,5.008650859,7.727731069,22.84785444,503801,5,107.546376862,52.69772466238,160.24410152438,75.3147277164586
"Goa",2014,0.655234031,0.699284023,0.714898819,0.181073188,0.310636525,0.318102352,0.326187251,0.129173357,5.794033793,3.260203299,3.554568801,10.10642941,49914,2,81.2526410125,39.813794096125,121.066435108625,56.9012245010537
"Gujarat",2014,0.351908828,0.261763596,0.545433135,0.144417096,0.173627959,0.107345823,0.286079681,0.080191964,8.482997118,1.720599261,4.479300802,10.77711109,258917,13,38.7114812695,18.968625822055,57.680107091555,27.1096503330308
"Karnataka",2014,0.561591653,0.582101254,0.637152482,0.171807966,0.253505181,0.244094183,0.310329047,0.108124822,10.31903693,3.029335716,6.512987492,22.1171774,35545,3,63.5133587005,31.121545763245,94.634904463745,44.4784050979602
"Kerala",2014,0.646285293,0.595413177,0.705098814,0.128954699,0.326137569,0.267481785,0.361233443,0.10637722,11.51012251,3.199165168,7.443218721,20.0622722,18404,9,86.0657151745,42.172200435505,128.237915610005,60.2718203367023
"Maharashtra",2014,0.551397171,0.449091808,0.666022042,0.155929667,0.248523774,0.173899728,0.318258997,0.09742986,4.466943782,1.464016702,5.46175938,9.506031137,394599,7,61.966631827,30.36364959523,92.33028142223,43.3952322684481
"Odisha",2014,0.640133752,0.559959548,0.691431202,0.124491358,0.358935757,0.264307711,0.419890731,0.084062007,4.998226967,3.432372051,5.523148984,8.707116595,242312,5,96.2495525485,47.162280748765,143.411833297265,67.4035616497145
"Tamil Nadu",2014,0.536479683,0.400289734,0.738454079,0.167562331,0.315445625,0.209012374,0.408244585,0.116892297,7.809130974,2.719286372,5.531272374,18.71622094,44800,8,82.7458665625,40.545474615625,123.291341178125,57.9469303537187
"West Bengal",2014,0.612665977,0.486279518,0.654325126,0.112091849,0.33838297,0.283117246,0.362328388,0.076852109,13.17589089,1.875727603,8.965212476,11.69899974,2449196,3,89.867912185,44.03527697065,133.90318915565,62.9344989031555
"Andaman and Nicobar Islands",2014,0.827329373,0.710459374,0.878964238,0.177791225,0.459304569,0.402381076,0.486322303,0.150810461,7.595628178,3.086388049,6.953248373,10.84079128,661335,3,127.4140686745,62.432893650505,189.846962325005,89.2280722927523
"Dadra and Nagar Haveli and Daman and Diu",2014,0.32577012,0.310606153,0.712683341,0.142484395,0.128679871,0.119107977,0.366313,0.084907905,8.501970264,2.723344993,4.148763652,8.497421512,8665,2,24.7550999455,12.129998973295,36.885098918795,17.3359964918337
"Puducherry",2014,0.537485059,0.568629387,0.568629387,0.167895533,0.322411713,0.326445672,0.326445672,0.12502945,6.397933836,4.765113836,4.765113836,12.2557754,4190,1,84.9088368865,41.605330074385,126.514166960885,59.4616584716159
"Andhra Pradesh",2015,0.658488062,0.392418853,0.777440011,0.141468492,0.401747974,0.150844711,0.49414705,0.109329804,10.44379899,2.434881024,6.971240093,19.13892065,483561,5,109.542745927,53.67594550423,163.21869143123,76.7127849726781
"Goa",2015,0.674983617,0.722817415,0.738456775,0.155799308,0.320169391,0.333993481,0.353496402,0.119968372,6.063812027,3.508930409,4.438145535,9.35618726,49914,2,84.2125959055,41.264171993695,125.476767899195,58.9740809126217
"Gujarat",2015,0.346923896,0.275403961,0.537201153,0.13833754,0.169336527,0.100507184,0.268418706,0.074352165,11.49107508,1.713266381,6.901997166,10.88393211,267422,13,37.3789916335,18.315705900415,55.694697533915,26.17650784094
"Karnataka",2015,0.604253228,0.620912277,0.674199965,0.15640032,0.283315253,0.275331364,0.330134192,0.107746145,8.741294805,3.015649183,6.497532873,20.44243845,35545,3,72.7693860565,35.656999167685,108.426385224185,50.9604010553669
"Kerala",2015,0.672023295,0.607094944,0.738506143,0.132331611,0.340738756,0.287097067,0.379829283,0.108686615,12.90537528,3.228312506,7.512769706,20.17752129,18404,9,90.599383738,44.39369803162,134.99308176962,63.4467484317214
"Maharashtra",2015,0.543791009,0.410333259,0.714892241,0.14958637,0.246939432,0.162118681,0.322192994,0.093464047,4.539688166,1.48405115,4.508133402,8.821367246,394599,7,61.474693636,30.12259988164,91.59729351764,43.0507279532908
"Odisha",2015,0.678778924,0.615124423,0.72273182,0.124683233,0.389999083,0.317648786,0.439466268,0.093076552,5.543448083,4.932213106,6.762745182,11.18140929,242312,5,105.8947152715,51.888410483035,157.783125754535,74.1580691046315
"Tamil Nadu",2015,0.559395057,0.480542409,0.745994898,0.170282523,0.310262082,0.251938528,0.423735569,0.11940362,8.4384599,2.46707318,6.432926198,20.68659053,44842,8,81.136376461,39.75682446589,120.89320092689,56.8198044356383
"West Bengal",2015,0.578101218,0.443436263,0.626939139,0.105239426,0.320408338,0.259557985,0.349571072,0.071248711,20.84768241,3.369724698,10.95044815,17.89713062,2449196,3,84.286788949,41.30052658501,125.58731553401,59.0260383009847
"Andaman and Nicobar Islands",2015,0.840200023,0.659268811,0.886790473,0.775316763,0.470415162,0.441493883,0.502025868,0.148770716,8.384916302,3.089508021,7.078085054,12.89450733,660567,3,130.863907801,64.12331482249,194.98722262349,91.6439946330403
"Dadra and Nagar Haveli and Daman and Diu",2015,0.325058733,0.308546333,0.669566028,0.137467409,0.128093294,0.115143948,0.335046789,0.07885716,6.143587107,2.39197323,3.858360129,7.430696269,8665,2,24.572967787,12.04075421563,36.61372200263,17.2084493412361
"Puducherry",2015,0.561361246,0.587779778,0.587779778,0.175079865,0.352553002,0.349098255,0.349098255,0.143732166,6.184505108,4.500852994,4.500852994,12.72850761,4190,1,94.267707121,46.19117648929,140.45888361029,66.0156752968363
"Andhra Pradesh",2016,0.659256208,0.450768896,0.738331644,0.134901721,0.39904841,0.189116525,0.466808803,0.101529645,9.051157313,2.729880442,6.817839342,15.23007175,503803,5,108.704531305,53.26522033945,161.96975164445,76.1257832728915
"Goa",2016,0.658216836,0.707150306,0.708978717,0.151312802,0.30977322,0.326218334,0.334103964,0.11302543,5.664084131,3.267709358,3.5344203,8.583977851,49914,2,80.98458481,39.6824465569,120.6670313669,56.713504742443
"Gujarat",2016,0.335394808,0.255769181,0.545377184,0.128344537,0.168429023,0.098603186,0.274398634,0.072196635,9.481632964,1.480674568,5.465245763,10.02160365,268266,13,37.0972116415,18.177633704335,55.274845345835,25.9791773125425
"Karnataka",2016,0.572521859,0.58191272,0.620820532,0.139014323,0.269170495,0.255713773,0.314334383,0.094972553,8.672049798,3.003953597,7.470149955,22.44046413,35545,3,68.3774386975,33.504944961775,101.882383659275,47.8847203198592
"Kerala",2016,0.669143303,0.646588418,0.72053191,0.120131091,0.348461327,0.312463024,0.384802865,0.1021161,14.12627018,3.445198956,7.500796662,22.59970775,18404,9,92.9972420335,45.568648596415,138.565890629915,65.12596859606
"Maharashtra",2016,0.549399433,0.433485591,0.706823874,0.143161997,0.256807776,0.173828091,0.326184844,0.092583342,4.379417064,2.463813806,4.483283348,7.791602297,394599,7,64.538814448,31.62401907952,96.16283352752,45.1965317579344
"Odisha",2016,0.631413053,0.576125295,0.675834894,0.117836506,0.352809739,0.3095106,0.404434299,0.079450205,6.419637506,3.035210649,6.501752973,15.6055991,242279,5,94.3474239595,46.230237740155,140.577661699655,66.0715009988378
"Tamil Nadu",2016,0.550250475,0.480313516,0.732463165,0.158579736,0.32606093,0.259801295,0.423797587,0.117599107,9.522034311,2.891232132,7.482283801,24.74458299,44995,8,86.041918765,42.16054019485,128.20245895985,60.2551557111295
"West Bengal",2016,0.582079848,0.423420978,0.58983717,0.099353296,0.324915358,0.237597907,0.334968662,0.061899595,34.26469826,4.731016231,14.96594066,29.56076018,2449196,3,85.686218659,41.98624714291,127.67246580191,60.0060589268977
"Andaman and Nicobar Islands",2016,0.832257062,0.857898302,0.878996505,0.227793573,0.466559,0.480453077,0.494133744,0.151652549,8.567270186,3.143781201,7.047703744,12.60250857,659722,3,129.6665695,63.536619055,193.203188555,90.80549862085
"Dadra and Nagar Haveli and Daman and Diu",2016,0.327588034,0.3006374,0.645507111,0.137247628,0.135707494,0.119165123,0.313541109,0.075606941,3.586820926,1.526517931,4.027997048,4.867260296,8665,2,26.937176887,13.19921667463,40.13639356163,18.8641049739661
"Puducherry",2016,0.548457053,0.560358968,0.560358968,0.156700016,0.333938705,0.342113319,0.342113319,0.119259202,9.273645184,5.503666859,5.503666859,18.40001333,4190,1,88.4879679025,43.359104272225,131.847072174725,61.9681239221208
"Andhra Pradesh",2017,0.653963599,0.431608277,0.742295037,0.129480992,0.402141521,0.182610956,0.486329235,0.100933788,11.74206533,3.273108902,6.948316751,19.47591777,494735,5,109.6649422705,53.735821712545,163.400763983045,76.7983590720311
"Goa",2017,0.671581944,0.712973451,0.722697001,0.151593792,0.312363987,0.326145932,0.334029183,0.112732038,5.579969245,3.256597881,3.510693978,9.167681027,49914,2,81.7890179635,40.076618802115,121.865636765615,57.276849279839
"Gujarat",2017,0.343470619,0.271547005,0.548918989,0.127583567,0.171224244,0.106444544,0.274395396,0.071492949,6.206476699,1.726771019,3.47710946,8.857314236,266891,13,37.965127762,18.60291260338,56.56804036538,26.5869789717286
"Karnataka",2017,0.571691366,0.583933836,0.623385864,0.133211316,0.26678362,0.25582752,0.309606628,0.090056398,8.447057139,3.409314779,6.472682016,20.33285605,35545,3,67.63631401,33.1417938649,100.7781078749,47.365710701203
"Kerala",2017,0.644468142,0.627287035,0.681767418,0.127832122,0.333560638,0.276434935,0.381233833,0.107403395,12.55928739,3.669187983,7.462652621,20.94029653,18404,9,88.370578099,43.30158326851,131.67216136751,61.8859158427297
"Maharashtra",2017,0.494473325,0.402247141,0.699371141,0.134449614,0.217227455,0.166003794,0.314468462,0.080137935,4.008650637,2.460173558,4.466926719,7.083800853,394599,7,52.2491247775,25.602071140975,77.851195918475,36.5900620816833
"Odisha",2017,0.654516307,0.599812069,0.699308158,0.12086403,0.364464029,0.280555668,0.404245836,0.086885758,6.074373253,3.053077158,5.583605136,13.32245742,242306,5,97.9660810045,48.003379692205,145.969460696705,68.6056465274513
"Tamil Nadu",2017,0.536621242,0.394040479,0.713104763,0.157218891,0.302167191,0.205026043,0.432574201,0.110477838,8.578562614,2.451048786,6.429022643,21.35808716,44851,8,78.6229128055,38.525227274695,117.148140080195,55.0596258376916
"West Bengal",2017,0.611912943,0.490305232,0.654316408,0.099780577,0.334192351,0.272705913,0.356444892,0.066566126,15.62165607,3.652197106,8.994425397,13.39177962,2449196,3,88.5667249855,43.397695242895,131.964420228395,62.0232775073456
"Andaman and Nicobar Islands",2017,0.848055709,0.828248897,0.898691427,0.201315779,0.479060597,0.472488716,0.511741474,0.154644812,8.60814667,4.749610451,7.050103539,12.91431593,658428,3,133.5483153685,65.438674530565,198.986989899065,93.5238852525605
"Dadra and Nagar Haveli and Daman and Diu",2017,0.337536104,0.31460016,0.655236758,0.131181736,0.14057957,0.126074526,0.326121522,0.074738709,3.89732623,1.735744853,3.833564004,4.964787318,8665,2,28.449956485,13.94047867765,42.39043516265,19.9235045264455
"Puducherry",2017,0.551248613,0.576171907,0.576171907,0.164077144,0.365553794,0.36932724,0.36932724,0.134143783,8.903499944,5.560326106,5.560326106,19.52217162,4092,1,98.304453037,48.16918198813,146.47363502513,68.8426084618111
"Andhra Pradesh",2018,0.666374831,0.408355165,0.777391437,0.123420838,0.405694796,0.176885147,0.498051671,0.095726161,10.866757,3.209294421,7.000043106,20.54938949,503796,5,110.768234158,54.27643473742,165.04466889542,77.5709943808474
"Goa",2018,0.675221099,0.714894401,0.730345473,0.138687103,0.316700509,0.330077776,0.341846037,0.105568963,5.236690721,3.454893375,3.484244189,8.681447017,49914,2,83.1355080445,40.736398941805,123.871906986305,58.2197962835633
"Gujarat",2018,0.346399153,0.275410641,0.571917476,0.124584057,0.172749541,0.108408165,0.303697772,0.071198367,7.924019206,2.229936179,4.440335195,9.734044536,268450,13,38.4387324805,18.834978915445,57.273711395945,26.9186443560942
"Karnataka",2018,0.597939944,0.614850225,0.630800796,0.13518146,0.277128408,0.275352782,0.294922412,0.093295178,10.45126344,3.432948706,7.472329148,25.35582398,35545,3,70.848370684,34.71570163516,105.56407231916,49.6151139900052
"Kerala",2018,0.67482774,0.631547953,0.732518771,0.118739303,0.341445069,0.278935772,0.391726528,0.101570106,12.07030676,3.477610252,7.562817045,20.84965234,18395,9,90.8186939245,44.501160023005,135.319853947505,63.6003313553273
"Maharashtra",2018,0.550437159,0.472743256,0.714875926,0.132617174,0.245706434,0.189440925,0.326224627,0.083142378,4.716303699,2.481932673,4.478125033,8.601151536,394599,7,61.091847757,29.93500540093,91.02685315793,42.7826209842271
"Odisha",2018,0.665025625,0.607569227,0.714910672,0.116339077,0.377009419,0.305904732,0.39648527,0.082069535,7.228887397,4.936502898,5.778857032,16.90993976,242312,5,101.8614245995,49.912098053755,151.773522653255,71.3335556470298
"Tamil Nadu",2018,0.552602481,0.408337712,0.755769952,0.161076655,0.316574722,0.20506544,0.420091738,0.112703973,8.983435991,2.426731289,8.524796376,21.77967125,43947,8,83.096451181,40.71726107869,123.81371225969,58.1924447620543
"West Bengal",2018,0.611055971,0.477844402,0.662092404,0.088469003,0.347016748,0.262710863,0.377918901,0.060474565,23.857376,3.234412831,12.97329072,20.21704842,2449196,3,92.548700254,45.34886312446,137.89756337846,64.8118547878762
"Andaman and Nicobar Islands",2018,0.84442092,0.824160684,0.886818638,0.162783141,0.467365939,0.4942952,0.498050951,0.146195382,9.074598669,4.753526396,7.119584951,13.28014987,661359,3,129.9171240595,63.659390789155,193.576514848655,90.9809619788679
"Dadra and Nagar Haveli and Daman and Diu",2018,0.331692077,0.31069328,0.684757889,0.113315417,0.139327911,0.125999385,0.344137195,0.069464028,4.837879001,2.237823851,3.973921351,5.869549574,8665,2,28.0613163655,13.750045019095,41.811361384595,19.6513398507597
"Puducherry",2018,0.596498044,0.638851214,0.638851214,0.157300233,0.371706571,0.381179829,0.381179829,0.133136621,7.592039085,5.549046797,5.549046797,14.7610014,4190,1,100.2148902955,49.105296244795,149.320186540295,70.1804876739386
"Andhra Pradesh",2019,0.669019698,0.468634264,0.771498283,0.123726524,0.413692235,0.205044057,0.501970695,0.097130134,10.25308737,4.267835219,6.94937416,18.22273586,503802,5,113.2514389675,55.493205094075,168.744644061575,79.3099827089402
"Goa",2019,0.667532384,0.699261443,0.730452367,0.132570337,0.315993128,0.326208664,0.34964605,0.103827238,5.130392397,3.455183171,3.747383489,8.200864228,49914,2,82.915866244,40.62877445956,123.54464070356,58.0659811306732
"Gujarat",2019,0.338315731,0.259688416,0.552683639,0.119590924,0.168377286,0.104504832,0.281966903,0.066961697,4.295556835,1.399693893,3.429228583,6.409465047,268413,13,37.081147303,18.16976217847,55.25090948147,25.9679274562909
"Karnataka",2019,0.61994088,0.611457605,0.652264008,0.129760508,0.289450631,0.287158819,0.298896108,0.090018977,11.95079527,3.450638349,6.937944921,25.3131035,35545,3,74.6744209255,36.590466253495,111.264887178995,52.2944969741276
"Kerala",2019,0.661698176,0.630723909,0.701069865,0.112368841,0.337875821,0.276358989,0.375661732,0.099227861,10.266566,3.079716883,5.517012058,17.22024694,18404,9,89.7104424205,43.958116786045,133.668559206545,62.8242228270761
"Maharashtra",2019,0.503988172,0.41597706,0.673745307,0.125717919,0.228451543,0.173879886,0.31054855,0.078579091,5.078343005,2.476256961,4.478124346,9.017178819,394599,7,55.7342041015,27.309760009735,83.043964111235,39.0306631322804
"Odisha",2019,0.665065686,0.568347973,0.707080424,0.115784383,0.374116063,0.309664207,0.412084433,0.0810457,6.421773727,4.481740471,7.481797293,16.19675606,242312,5,100.9630375615,49.471888405135,150.434925966635,70.7044152043185
"Tamil Nadu",2019,0.470075231,0.326166334,0.761798665,0.142003684,0.263158161,0.169920203,0.451043135,0.105064016,7.763441951,1.339018235,7.471243548,20.70950324,44982,8,66.5106089905,32.590198405345,99.100807395845,46.5773794760471
"West Bengal",2019,0.623992668,0.54464366,0.673785304,0.090602087,0.340113342,0.309742625,0.357420892,0.060865488,9.72924209,3.736481092,7.497695234,8.964064633,2449196,3,90.405192691,44.29854441859,134.70373710959,63.3107564415073
"Andaman and Nicobar Islands",2019,0.836387212,0.835758942,0.878947703,0.152543911,0.474862817,0.496084073,0.529325483,0.140887948,8.764529861,4.727762117,7.086677858,11.74383324,660889,3,132.2449046785,64.800003292465,197.044907970965,92.6111067463536
"Dadra and Nagar Haveli and Daman and Diu",2019,0.343545917,0.322409664,0.618056726,0.114139757,0.145578554,0.129844582,0.301065793,0.066750699,2.289707375,1.709106721,4.134712833,2.720470348,8665,2,30.002141017,14.70104909833,44.70319011533,21.0104993542051
"Puducherry",2019,0.609537491,0.650554512,0.650554512,0.136503402,0.382197046,0.400451724,0.400451724,0.116286284,8.275084174,5.557869867,5.557869867,14.54992053,4190,1,103.472182783,50.70136956367,154.17355234667,72.4615696029349
"Andhra Pradesh",2020,0.711783927,0.537725237,0.777399895,0.121116191,0.450085949,0.236113473,0.505859926,0.10644865,14.17355056,4.464726725,10.92089463,24.22218719,503802,5,124.5516871645,61.030326710605,185.582013875105,87.2235465212993
"Goa",2020,0.689737216,0.722671784,0.746270703,0.129686173,0.329044822,0.333891687,0.361226553,0.108072169,4.616060511,3.257673996,3.73976131,6.691044405,49914,2,86.968417231,42.61452444319,129.58294167419,60.9039825868693
"Gujarat",2020,0.397663764,0.300626511,0.658450113,0.128069291,0.197795361,0.115206178,0.360297111,0.076430384,5.543722026,1.720422382,4.502247813,8.386140738,260221,13,46.2154595905,22.645575199345,68.861034789845,32.3646863512271
"Karnataka",2020,0.649446984,0.658353265,0.685545215,0.131549312,0.303617496,0.30671371,0.322057329,0.098812697,11.51491075,3.43176943,8.952305633,25.84594042,35545,3,79.073232508,38.74588392892,117.81911643692,55.3749847253524
"Kerala",2020,0.685266383,0.636773485,0.724615709,0.107377137,0.353110772,0.254531314,0.405614933,0.102273983,9.62145826,3.433568426,5.483070611,16.62964995,18404,9,94.440894706,46.27603840594,140.71693311194,66.1369585626118
"Maharashtra",2020,0.587588467,0.519666676,0.730576003,0.140167972,0.271225994,0.220736734,0.334020981,0.092970373,4.724328493,2.492807688,3.492098169,8.304652996,394599,7,69.015671137,33.81767885713,102.83334999413,48.3316744972411
"Odisha",2020,0.670102698,0.568190306,0.791050665,0.103180243,0.385615879,0.335242003,0.482221937,0.079103672,5.863560973,3.499904604,5.771316033,14.08193361,242312,5,104.5337304295,51.221527910455,155.755258339955,73.2049714197788
"Tamil Nadu",2020,0.517893758,0.373116597,0.767667971,0.153654566,0.295363573,0.173808645,0.466975446,0.123294174,8.854911903,1.33408478,6.538289632,22.46598754,44456,8,76.5103894165,37.490090814085,114.000480230585,53.5802257083749
"West Bengal",2020,0.606172085,0.572142059,0.658240537,0.087020554,0.348146624,0.337025439,0.377924994,0.059272301,8.235530194,4.547921505,6.491023166,7.99569576,2449196,3,92.899526752,45.52076810848,138.42029486048,65.0575385844256
"Andaman and Nicobar Islands",2020,0.830430154,0.804686307,0.87114183,0.142128851,0.460279891,0.482396465,0.517633219,0.131746424,7.930773637,3.550280667,6.526228949,9.884720777,660436,3,127.7169061555,62.581284016195,190.298190171695,89.4401493806966
"Dadra and Nagar Haveli and Daman and Diu",2020,0.465057634,0.45880603,0.671502375,0.119272009,0.196643138,0.181626055,0.334209355,0.078766398,8.247815568,3.242106821,3.734594265,8.631570094,8665,2,45.857694349,22.47027023101,68.32796458001,32.1141433526047
"Puducherry",2020,0.636708369,0.681895865,0.681895865,0.139648634,0.413929194,0.435586834,0.435586834,0.125254649,6.299880385,5.512553799,5.512553799,11.84050229,4190,1,113.325014737,55.52925722113,168.85427195813,79.3615078203211
"Andhra Pradesh",2021,0.700936603,0.524840434,0.79884407,0.112814243,0.425016204,0.227493981,0.505882417,0.095658307,21.64023226,4.778995576,14.93615941,28.5260192,503728,5,116.767531342,57.21609035758,173.98362169958,81.7723021988026
"Goa",2021,0.688750156,0.708938838,0.753909497,0.124724278,0.323933262,0.330050131,0.361288343,0.100587133,5.763811961,3.469526359,3.497056687,10.13086274,49914,2,85.381277851,41.83682614699,127.21810399799,59.7925088790553
"Gujarat",2021,0.392565183,0.277354317,0.669775533,0.124220021,0.195076282,0.120019246,0.36423771,0.072900646,6.345175577,1.727429705,4.485314035,8.191423376,268450,13,45.371185561,22.23188092489,67.60306648589,31.7734412483683
"Karnataka",2021,0.65139247,0.654343824,0.67564714,0.119954081,0.302858993,0.30288005,0.315312997,0.090997594,16.64552973,4.428796816,10.51578874,33.57080605,35545,3,78.8377173265,38.630481489985,117.468198816485,55.2100534437479
"Kerala",2021,0.708643045,0.662119335,0.748067531,0.102425695,0.368363064,0.330405595,0.392475725,0.098233618,11.6232581,3.512872985,6.453312933,18.60908438,18395,9,99.176731372,48.59659837228,147.77332974428,69.4534649798116
"Maharashtra",2021,0.550916547,0.498044715,0.697306044,0.123845495,0.248891405,0.212943463,0.318377129,0.076447213,4.653723885,2.477626783,3.48603631,8.182521224,394599,7,62.0807812525,30.419582813725,92.500364066225,43.4751711111257
"Odisha",2021,0.698648875,0.626741336,0.775528271,0.112258747,0.383452735,0.320928261,0.443376036,0.083634549,5.589562754,3.485290242,5.461219406,14.06999399,242312,5,103.8620742175,50.892416366575,154.754490584075,72.7346105745152
"Tamil Nadu",2021,0.515527383,0.363108552,0.779522623,0.151293167,0.2817629,0.154433291,0.451327897,0.120598903,10.86865038,1.00842129,6.429166856,24.76374826,43751,8,72.28738045,35.4208164205,107.7081968705,50.622852529135
"West Bengal",2021,0.565304692,0.529518634,0.574226693,0.087194079,0.321194205,0.2940703,0.327145969,0.051949737,24.42611705,3.269470276,10.48498276,24.12848,2449196,3,84.5308006525,41.420092319725,125.950892972225,59.1969196969457
"Andaman and Nicobar Islands",2021,0.838905509,0.839667087,0.878958177,0.15767206,0.472582325,0.494155217,0.527352984,0.13780653,8.13841903,4.787283744,6.535057231,12.75630156,649352,3,131.5368119125,64.453037837125,195.989849749625,92.1152293823238
"Dadra and Nagar Haveli and Daman and Diu",2021,0.416301792,0.408291059,0.690651168,0.111014139,0.175737268,0.164980545,0.362093531,0.072111958,8.801079312,3.445635212,4.148225197,8.64101513,8665,2,39.366421714,19.28954663986,58.65596835386,27.5683051263142
"Puducherry",2021,0.676879641,0.728800676,0.728800676,0.142475038,0.422949829,0.451126189,0.451126189,0.134470897,6.58393018,5.512000321,5.512000321,10.29766882,4190,1,116.1259219045,56.901701733205,173.027623637705,81.3229831097213
"Andhra Pradesh",2022,0.722342041,0.561541271,0.779313445,0.116423096,0.450667447,0.244852043,0.501937744,0.099993158,16.80644796,6.861632373,18.43740067,30.29772113,503798,5,124.7322422935,61.118798723815,185.851041017315,87.349989278138
"Goa",2022,0.694719276,0.71687497,0.767713607,0.117840905,0.32133242,0.330154824,0.365464063,0.096422353,5.316228406,3.462635093,3.508921173,8.65078635,49914,2,84.57371641,41.4411210409,126.0148374509,59.226973601923
"Gujarat",2022,0.409414229,0.308563189,0.728724692,0.123337599,0.204528313,0.120215284,0.44228883,0.073243428,7.305306221,1.720587283,4.790564463,7.418011831,268450,13,48.3060411865,23.669960181385,71.976001367885,33.8287206429059
"Karnataka",2022,0.682328438,0.661944603,0.716833029,0.113115524,0.320198104,0.322285215,0.326127102,0.086331986,11.94784737,3.00538071,8.495855067,29.48780039,35545,3,84.221511292,41.26854053308,125.49005182508,58.9803243577876
"Kerala",2022,0.691067159,0.638697516,0.728928004,0.095492795,0.357031365,0.330564919,0.376672875,0.0880217,9.178341978,3.061180341,5.514526003,16.4983124,18404,9,95.6582388325,46.872537027925,142.530775860425,66.9894646543997
"Maharashtra",2022,0.572096381,0.527392263,0.724610192,0.122086121,0.259975992,0.228469855,0.330118229,0.080442329,4.920785531,2.509208825,4.462868912,8.273686114,394599,7,65.522545516,32.10604730284,97.62859281884,45.8854386248548
"Odisha",2022,0.735748511,0.650048396,0.771611174,0.096436962,0.43286971,0.376049967,0.470684383,0.082105232,6.664970965,4.486813047,6.490028889,14.52537573,242312,5,119.206044955,58.41096202795,177.61700698295,83.4799932819865
"Tamil Nadu",2022,0.530669346,0.363203882,0.791064219,0.146250853,0.294495944,0.166179822,0.470726631,0.118615351,17.74597286,3.451967116,8.978078746,29.31467439,44995,8,76.240990612,37.35808539988,113.59907601188,53.3915657255836
"West Bengal",2022,0.645873348,0.638619115,0.677692669,0.094306068,0.373248505,0.38866465,0.396079341,0.070907475,22.96049715,4.744384289,12.97891865,19.51956883,2449196,3,100.6936608025,49.339893793225,150.033554595725,70.5157706599907
"Andaman and Nicobar Islands",2022,0.850975305,0.828913505,0.886822856,0.14867008,0.493937754,0.517603428,0.574427515,0.134286231,7.919203296,4.857562542,7.02221322,12.42851332,661342,3,138.167672617,67.70215958233,205.86983219933,96.7588211336851
"Dadra and Nagar Haveli and Daman and Diu",2022,0.464394735,0.466907652,0.633642455,0.103178827,0.195710054,0.190383376,0.293730315,0.064560004,4.73525749,2.530904001,3.020082483,5.15697874,8665,2,45.567971767,22.32830616583,67.89627793283,31.9112506284301
"Puducherry",2022,0.678820385,0.720824338,0.720824338,0.113203369,0.437030918,0.462829386,0.462829386,0.112030606,8.955685957,6.499123895,6.499123895,14.42162835,4190,1,120.498100039,59.04406901911,179.54216905811,84.3848194573117
"Andhra Pradesh",2023,0.715044003,0.58906499,0.746190754,0.110089539,0.441237456,0.274887748,0.474596955,0.094501628,14.73267183,6.46579706,10.9426733,24.8017795,503803,5,121.804230088,59.68407274312,181.48830283112,85.2995023306264
"Goa",2023,0.678631687,0.707032224,0.751967832,0.132725435,0.325522588,0.337973526,0.369208369,0.102608061,4.884466486,3.528334789,3.729600564,7.238848974,49914,2,85.874763574,42.07863415126,127.95339772526,60.1380969308722
"Gujarat",2023,0.398813316,0.298889139,0.665859681,0.122485926,0.198615758,0.116194745,0.368041414,0.070515111,4.419845084,1.730289069,4.254709423,6.180142006,268445,13,46.470192859,22.77039450091,69.24058735991,32.5430760591577
"Karnataka",2023,0.656591635,0.635040902,0.689465715,0.11524087,0.312572949,0.309595392,0.318438662,0.082609541,9.990147251,3.373859626,7.506050553,23.09124746,35545,3,81.8539006645,40.108411325605,121.962311990105,57.3222866353493
"Kerala",2023,0.708841412,0.669625048,0.755933333,0.095764143,0.37162738,0.348571116,0.404071347,0.09425411,9.552056964,3.289725949,5.61315799,15.52663569,18404,9,100.19030149,49.0932477301,149.2835492201,70.163268133447
"Maharashtra",2023,0.544448722,0.424232517,0.705082874,0.116218878,0.238857874,0.184732761,0.326176293,0.069143586,4.00037839,2.476210944,4.468403736,7.228624989,394599,7,58.965369877,28.89303123973,87.85840111673,41.2934485248631
"Odisha",2023,0.686354302,0.614998352,0.736199435,0.107221298,0.38107883,0.344619806,0.42369611,0.078684265,5.588918527,3.470671965,5.511270568,13.00195873,242312,5,103.124976715,50.53123859035,153.65621530535,72.2184211935145
"Tamil Nadu",2023,0.544726389,0.433403658,0.7404513,0.154011657,0.315735893,0.220707111,0.43781918,0.121627686,16.77580241,3.45900001,8.472983032,28.71766781,44890,8,82.8359947765,40.589637440485,123.425632216985,58.0100471419829
"West Bengal",2023,0.588317581,0.552699096,0.619150388,0.09600183,0.346409203,0.321380561,0.366232745,0.063446474,37.92331434,4.252030044,14.9646495,24.41613793,2449196,3,92.3600575315,45.256428190435,137.616485721935,64.6797482893094
"Andaman and Nicobar Islands",2023,0.852231646,0.863399823,0.886774493,0.130664111,0.491519534,0.509765517,0.574252942,0.131163774,8.417353432,4.818960851,7.49725393,10.87073857,658124,3,137.416815307,67.33423950043,204.75105480743,96.2329957594921
"Dadra and Nagar Haveli and Daman and Diu",2023,0.431289689,0.419769334,0.682394333,0.110327945,0.182213668,0.170866099,0.334684045,0.066413969,3.775788914,2.742257869,4.567412483,4.692136864,8665,2,41.377343914,20.27489851786,61.65224243186,28.9765539429742
"Puducherry",2023,0.671338084,0.712915382,0.712915382,0.105922563,0.432507718,0.455153231,0.455153231,0.101314973,8.280387425,6.229400998,6.229400998,12.62533874,4190,1,119.093646439,58.35588675511,177.44953319411,83.4012806012317
"Andhra Pradesh",2024,0.703269908,0.545913478,0.746127497,0.11134486,0.445656945,0.333247994,0.478513213,0.095117484,12.88926223,4.465677198,8.981873113,21.69419308,503803,5,123.1764814225,60.356475897025,183.532957319525,86.2604899401767
"Goa",2024,0.695564184,0.722737169,0.779258219,0.129931707,0.335630925,0.345683303,0.388796853,0.10088732,4.717076816,3.256505794,3.461585147,7.689283519,49914,2,89.0134022125,43.616567084125,132.629969296625,62.3360855694137
"Gujarat",2024,0.398889424,0.300776972,0.668732321,0.131169616,0.200678678,0.130780928,0.36078717,0.075963318,5.576256775,1.739093755,3.472140914,6.903360306,268448,13,47.110729519,23.08425746431,70.19498698331,32.9916438821557
"Karnataka",2024,0.685413296,0.693529684,0.722597226,0.121225357,0.335699546,0.341759488,0.36921515,0.090706489,10.24473257,3.499841084,8.485816324,24.66772499,35545,3,89.034709033,43.62700742617,132.66171645917,62.3510067358099
"Kerala",2024,0.702299394,0.673256483,0.752088907,0.111085945,0.379816635,0.31301886,0.436480545,0.101803784,9.894039982,3.450345672,5.51848611,17.17551124,18404,9,102.7330651675,50.339201932075,153.072267099575,71.9439655368002
"Maharashtra",2024,0.5915791,0.55659947,0.728465314,0.11923737,0.271953203,0.244209882,0.341831061,0.077236918,4.016097592,2.491704802,4.477618993,7.590191621,394599,7,69.2414695315,33.928320070435,103.169789601935,48.4898011129094
"Odisha",2024,0.684981096,0.615107483,0.748235765,0.096399048,0.392450688,0.354665127,0.439458749,0.072579048,5.744736628,4.44247413,5.531482747,13.73530751,242312,5,106.655938624,52.26140992576,158.91734854976,74.6911538183872
"Tamil Nadu",2024,0.548668719,0.457290264,0.767712239,0.149327034,0.341352524,0.259733093,0.470776141,0.117429591,8.08780483,1.429511631,5.495670227,20.40861594,44995,8,90.789958702,44.48707976398,135.27703846598,63.5802080790106
"West Bengal",2024,0.60729888,0.563908388,0.634757627,0.094653673,0.353096476,0.340683943,0.372089335,0.063035994,21.99901458,3.269698008,10.95545665,20.01304455,2449196,3,94.436455798,46.27386334102,140.71031913902,66.1338499953394
"Andaman and Nicobar Islands",2024,0.854423631,0.871280768,0.886752838,0.120232279,0.492274332,0.513679308,0.595746962,0.124402476,8.646969431,4.792242147,7.502319578,11.79313452,661268,3,137.651180086,67.44907824214,205.10025832814,96.3971214142258
"Dadra and Nagar Haveli and Daman and Diu",2024,0.45459313,0.435516085,0.712155398,0.110799303,0.197576792,0.180687581,0.36190443,0.074401839,3.993716066,2.519515987,4.392004997,4.041928478,8665,2,46.147593916,22.61232101884,68.75991493484,32.3171600193748
"Puducherry",2024,0.659879294,0.693521584,0.693521584,0.097227396,0.431706848,0.458827938,0.458827938,0.092604648,7.708004315,5.506450563,5.506450563,12.68149971,4190,1,118.844976304,58.23403838896,177.07901469296,83.2271369056912
"Andhra Pradesh",2025,0.734961479,0.563362184,0.793035718,0.114528939,0.461866604,0.333916746,0.521492285,0.10108288,16.11059197,6.864365545,10.94513187,27.48353632,503803,5,128.209580542,62.82269446558,191.03227500758,89.7851692535626
"Goa",2025,0.694005015,0.722599931,0.77766334,0.124285686,0.325115607,0.337901507,0.377105769,0.098752714,5.090030275,3.253345259,3.484336019,7.52217383,49914,2,85.7483959735,42.016714027015,127.765110000515,60.049601700242
"Gujarat",2025,0.399941108,0.285107858,0.714802296,0.136334488,0.198620529,0.130820704,0.384597021,0.079746742,6.206264502,1.731640853,4.484125458,8.129603838,268450,13,46.4716742545,22.771120384705,69.242794639205,32.5441134804263
"Karnataka",2025,0.700338855,0.697390407,0.746139402,0.128437366,0.340047218,0.341859795,0.365048915,0.096262391,10.64077108,3.436468536,9.50255387,25.31749209,35545,3,90.384661189,44.28848398261,134.67314517161,63.2963782306567
"Kerala",2025,0.728684002,0.677802837,0.78708785,0.116502951,0.393401364,0.321686463,0.435655036,0.106142059,10.38031895,3.444086594,5.479175015,17.77473586,18404,9,106.951123522,52.40605052578,159.35717404778,74.8978718024566
"Maharashtra",2025,0.586257046,0.532927108,0.7129014,0.121793002,0.270799222,0.240259656,0.330122708,0.0796853,4.197235134,2.493970255,4.476197483,7.352765366,394599,7,68.883158431,33.75274763119,102.63590606219,48.2388758492293
"Odisha",2025,0.686986322,0.464832904,0.783453603,0.10105228,0.398924138,0.255785551,0.478711469,0.080529216,5.808703414,2.47434843,6.775915328,12.75806812,242312,5,108.665944849,53.24631297601,161.91225782501,76.0987611777547
"Tamil Nadu",2025,0.608398775,0.526995261,0.798633584,0.155832613,0.352084,0.282968045,0.49439585,0.129567372,14.34168602,4.516986997,6.516135128,25.37283432,44981,8,94.122082,46.11982018,140.24190218,65.9136940246
"West Bengal",2025,0.644372046,0.599183869,0.677768891,0.100226566,0.36965863,0.350888973,0.380878738,0.069743272,12.92335545,3.78160556,8.956461567,12.21939336,2449196,3,99.579004615,48.79371226135,148.37271687635,69.7351769318845
"Andaman and Nicobar Islands",2025,0.864200599,0.883805315,0.894579775,0.13270287,0.499767183,0.517571604,0.597671815,0.128292415,8.572187645,4.839426051,7.033560246,16.02772739,661361,3,139.9777103215,68.589078057535,208.566788379035,98.0263905381465
"Dadra and Nagar Haveli and Daman and Diu",2025,0.464524133,0.447388569,0.698442513,0.106329055,0.197714243,0.180684482,0.343067757,0.070905209,5.359142286,3.748327123,3.850504785,4.845808922,8665,2,46.1902724515,22.633233501235,68.823505952735,32.3470477977855
"Puducherry",2025,0.706152388,0.748209169,0.748209169,0.101391299,0.453427643,0.486577104,0.486577104,0.101685815,8.008766753,6.462141469,6.462141469,13.03041412,4190,1,125.5892831515,61.538748744235,187.128031895735,87.9501749909954
