"state","year","very_dense","moderately_dense","open_mangrove","OF_factor","MDF_factor","VDF_factor","carbon_open","carbon_moderately_dense","carbon_very_dense","total_carbon_stock","period"
"Andaman & Nicobar",2003,262,312,97,36.54,104.16,121.88,354438,3249792,3193256,6797486,"Historical"
"Andaman & Nicobar",2004,258.5,292,103.5,36.54,104.16,121.88,378189,3041472,3150598,6570259,"Historical"
"Andaman & Nicobar",2005,255,272,110,36.54,104.16,121.88,401940,2833152,3107940,6343032,"Historical"
"Andaman & Nicobar",2006,262.5,269.5,99.5,36.54,104.16,121.88,363573,2807112,3199350,6370035,"Historical"
"Andaman & Nicobar",2007,270,267,89,36.54,104.16,121.88,325206,2781072,3290760,6397038,"Historical"
"Andaman & Nicobar",2008,277.5,264.5,78.5,36.54,104.16,121.88,286839,2755032,3382170,6424041,"Historical"
"Andaman & Nicobar",2009,285,262,68,36.54,104.16,121.88,248472,2728992,3473580,6451044,"Historical"
"Andaman & Nicobar",2010,284,261.5,70.5,36.54,104.16,121.88,257607,2723784,3461392,6442783,"Historical"
"Andaman & Nicobar",2011,283,261,73,36.54,104.16,121.88,266742,2718576,3449204,6434522,"Historical"
"Andaman & Nicobar",2012,279.5,259.5,71.5,36.54,104.16,121.88,261261,2702952,3406546,6370759,"Historical"
"Andaman & Nicobar",2013,276,258,70,36.54,104.16,121.88,255780,2687328,3363888,6306996,"Historical"
"Andaman & Nicobar",2014,337.5,213,60,36.54,104.16,121.88,219240,2218608,4113450,6551298,"Historical"
"Andaman & Nicobar",2015,399,168,50,36.54,104.16,121.88,182700,1749888,4863012,6795600,"Historical"
"Andaman & Nicobar",2016,399,168.5,49.5,36.54,104.16,121.88,180873,1755096,4863012,6798981,"Historical"
"Andaman & Nicobar",2017,399,169,49,36.54,104.16,121.88,179046,1760304,4863012,6802362,"Historical"
"Andaman & Nicobar",2018,398.705,168.89,49.045,36.54,104.16,121.88,179210.43,1759158.24,4859416.54,6797785.21,"Historical"
"Andaman & Nicobar",2019,398.41,168.78,49.09,36.54,104.16,121.88,179374.86,1758012.48,4855821.08,6793208.42,"Historical"
"Andaman & Nicobar",2020,385.025,167.07,49.015,36.54,104.16,121.88,179100.81,1740201.12,4692684.7,6611986.63,"Historical"
"Andaman & Nicobar",2021,371.64,165.36,48.94,36.54,104.16,121.88,178826.76,1722389.76,4529548.32,6430764.84,"Historical"
"Andaman & Nicobar",2022,385.505,164,47.61,36.54,104.16,121.88,173966.94,1708224,4698534.94,6580725.88,"Historical"
"Andaman & Nicobar",2023,399.37,162.64,46.28,36.54,104.16,121.88,169107.12,1694058.24,4867521.56,6730686.92,"Historical"
"Andaman & Nicobar",2024,405.547405194986,156.269888885253,45.5507047322816,36.54,104.16,121.88,166442.275091757,1627707.16262879,4942811.77451649,6736961.21223704,"Forecast"
"Andaman & Nicobar",2025,408.299683229104,147.054438431051,45.150801283021,36.54,104.16,121.88,164981.027888159,1531719.03069782,4976356.53919631,6673056.5977823,"Forecast"
"Andaman & Nicobar",2026,409.525931813741,138.231225281366,44.9315173032541,36.54,104.16,121.88,164179.764226091,1439816.44253071,4991302.05694588,6595298.26370268,"Forecast"
"Andaman & Nicobar",2027,410.072273997448,130.771244767729,44.8112746199982,36.54,104.16,121.88,163740.397461473,1362113.28550067,4997960.87548089,6523814.55844303,"Forecast"
"Andaman & Nicobar",2028,410.315691021888,123.928253343219,44.7453404697152,36.54,104.16,121.88,163499.474076339,1290836.68682296,5000927.64217477,6455263.80307407,"Forecast"
"Andaman & Nicobar",2029,410.424142921731,116.889248914762,44.7091859856683,36.54,104.16,121.88,163367.365591632,1217518.41669616,5002249.45393006,6383135.23621785,"Forecast"
"Andaman & Nicobar",2030,410.472462527177,109.491622345035,44.6893609524937,36.54,104.16,121.88,163294.924920412,1140464.73834589,5002838.37328123,6306598.03654752,"Forecast"
"Andaman & Nicobar",2031,410.493990820123,101.968893546343,44.6784900480752,36.54,104.16,121.88,163255.202635667,1062107.99517871,5003100.76011565,6228463.95793003,"Forecast"
"Andaman & Nicobar",2032,410.50358252504,94.5188602632097,44.672529071272,36.54,104.16,121.88,163233.421226428,984508.448501592,5003217.66381519,6150959.53354321,"Forecast"
"Andaman & Nicobar",2033,410.507856008472,87.1602558494607,44.6692604155024,36.54,104.16,121.88,163221.477558246,907861.224927983,5003269.74903126,6074352.45151749,"Forecast"
"Andhra Pradesh",2003,0,15,314,44.88,NA,NA,1409232,NA,NA,1409232,"Historical"
"Andhra Pradesh",2004,0,15,314,44.88,NA,NA,1409232,NA,NA,1409232,"Historical"
"Andhra Pradesh",2005,0,15,314,44.88,NA,NA,1409232,NA,NA,1409232,"Historical"
"Andhra Pradesh",2006,0,42.75,291,44.88,NA,NA,1306008,NA,NA,1306008,"Historical"
"Andhra Pradesh",2007,0,70.5,268,44.88,NA,NA,1202784,NA,NA,1202784,"Historical"
"Andhra Pradesh",2008,0,98.25,245,44.88,NA,NA,1099560,NA,NA,1099560,"Historical"
"Andhra Pradesh",2009,0,126,222,44.88,NA,NA,996336,NA,NA,996336,"Historical"
"Andhra Pradesh",2010,0,126,224,44.88,NA,NA,1005312,NA,NA,1005312,"Historical"
"Andhra Pradesh",2011,0,126,226,44.88,NA,NA,1014288,NA,NA,1014288,"Historical"
"Andhra Pradesh",2012,0,126,226.25,44.88,NA,NA,1015410,NA,NA,1015410,"Historical"
"Andhra Pradesh",2013,0,126,226.5,44.88,NA,NA,1016532,NA,NA,1016532,"Historical"
"Andhra Pradesh",2014,0,127.5,232.25,44.88,NA,NA,1042338,NA,NA,1042338,"Historical"
"Andhra Pradesh",2015,0,129,238,44.88,NA,NA,1068144,NA,NA,1068144,"Historical"
"Andhra Pradesh",2016,0,171,214.5,44.88,NA,NA,962676,NA,NA,962676,"Historical"
"Andhra Pradesh",2017,0,213,191,44.88,NA,NA,857208,NA,NA,857208,"Historical"
"Andhra Pradesh",2018,0,213.0175,191.105,44.88,NA,NA,857679.24,NA,NA,857679.24,"Historical"
"Andhra Pradesh",2019,0,215.035,199.21,44.88,NA,NA,894054.48,NA,NA,894054.48,"Historical"
"Andhra Pradesh",2020,0,212.8825,193.45,44.88,NA,NA,868203.6,NA,NA,868203.6,"Historical"
"Andhra Pradesh",2021,0,212.73,195.69,44.88,NA,NA,878256.72,NA,NA,878256.72,"Historical"
"Andhra Pradesh",2022,0,213.765,201.61,44.88,NA,NA,904825.68,NA,NA,904825.68,"Historical"
"Andhra Pradesh",2023,0,214.8,207.53,44.88,NA,NA,931394.64,NA,NA,931394.64,"Historical"
"Andhra Pradesh",2024,0,227.4220409727,214.873329474573,44.88,NA,NA,964351.502681882,NA,NA,964351.502681882,"Forecast"
"Andhra Pradesh",2025,0,237.51178321466,214.873329474573,44.88,NA,NA,964351.502681882,NA,NA,964351.502681882,"Forecast"
"Andhra Pradesh",2026,0,247.601525456619,214.873329474573,44.88,NA,NA,964351.502681882,NA,NA,964351.502681882,"Forecast"
"Andhra Pradesh",2027,0,257.691267698578,214.873329474573,44.88,NA,NA,964351.502681882,NA,NA,964351.502681882,"Forecast"
"Andhra Pradesh",2028,0,267.781009940537,214.873329474573,44.88,NA,NA,964351.502681882,NA,NA,964351.502681882,"Forecast"
"Andhra Pradesh",2029,0,277.870752182497,214.873329474573,44.88,NA,NA,964351.502681882,NA,NA,964351.502681882,"Forecast"
"Andhra Pradesh",2030,0,287.960494424456,214.873329474573,44.88,NA,NA,964351.502681882,NA,NA,964351.502681882,"Forecast"
"Andhra Pradesh",2031,0,298.050236666415,214.873329474573,44.88,NA,NA,964351.502681882,NA,NA,964351.502681882,"Forecast"
"Andhra Pradesh",2032,0,308.139978908374,214.873329474573,44.88,NA,NA,964351.502681882,NA,NA,964351.502681882,"Forecast"
"Andhra Pradesh",2033,0,318.229721150334,214.873329474573,44.88,NA,NA,964351.502681882,NA,NA,964351.502681882,"Forecast"
"Daman & Diu",2003,0,0,1,60.15,NA,NA,6015,NA,NA,6015,"Historical"
"Daman & Diu",2004,0,0,1,60.15,NA,NA,6015,NA,NA,6015,"Historical"
"Daman & Diu",2005,0,0,1,60.15,NA,NA,6015,NA,NA,6015,"Historical"
"Daman & Diu",2006,0,0,1,60.15,NA,NA,6015,NA,NA,6015,"Historical"
"Daman & Diu",2007,0,0,1,60.15,NA,NA,6015,NA,NA,6015,"Historical"
"Daman & Diu",2008,0,0,1,60.15,NA,NA,6015,NA,NA,6015,"Historical"
"Daman & Diu",2009,0,0,1,60.15,NA,NA,6015,NA,NA,6015,"Historical"
"Daman & Diu",2010,0,0.06,1.22,60.15,NA,NA,7338.3,NA,NA,7338.3,"Historical"
"Daman & Diu",2011,0,0.12,1.44,60.15,NA,NA,8661.6,NA,NA,8661.6,"Historical"
"Daman & Diu",2012,0,0.13,1.465,60.15,NA,NA,8811.975,NA,NA,8811.975,"Historical"
"Daman & Diu",2013,0,0.14,1.49,60.15,NA,NA,8962.35,NA,NA,8962.35,"Historical"
"Daman & Diu",2014,0,0.07,2.245,60.15,NA,NA,13503.675,NA,NA,13503.675,"Historical"
"Daman & Diu",2015,0,0,3,60.15,NA,NA,18045,NA,NA,18045,"Historical"
"Daman & Diu",2016,0,0,3,60.15,NA,NA,18045,NA,NA,18045,"Historical"
"Daman & Diu",2017,0,0,3,60.15,NA,NA,18045,NA,NA,18045,"Historical"
"Daman & Diu",2018,0,0,3.05,60.15,NA,NA,18345.75,NA,NA,18345.75,"Historical"
"Daman & Diu",2019,0,0,3.1,60.15,NA,NA,18646.5,NA,NA,18646.5,"Historical"
"Daman & Diu",2020,0,0.105,3.095,60.15,NA,NA,18616.425,NA,NA,18616.425,"Historical"
"Daman & Diu",2021,0,0.21,3.09,60.15,NA,NA,18586.35,NA,NA,18586.35,"Historical"
"Daman & Diu",2022,0,0.21,3.37,60.15,NA,NA,20270.55,NA,NA,20270.55,"Historical"
"Daman & Diu",2023,0,0.21,3.65,60.15,NA,NA,21954.75,NA,NA,21954.75,"Historical"
"Daman & Diu",2024,0,0.165663094781558,3.7963923812214,60.15,NA,NA,22835.3001730467,NA,NA,22835.3001730467,"Forecast"
"Daman & Diu",2025,0,0.104777849877811,3.87233069839721,60.15,NA,NA,23292.0691508592,NA,NA,23292.0691508592,"Forecast"
"Daman & Diu",2026,0,0.0508438742666429,3.96875079145522,60.15,NA,NA,23872.0360106032,NA,NA,23872.0360106032,"Forecast"
"Daman & Diu",2027,0,0.0175320035079914,4.10636277288188,60.15,NA,NA,24699.7720788845,NA,NA,24699.7720788845,"Forecast"
"Daman & Diu",2028,0,0.00788653824244163,4.25686096688268,60.15,NA,NA,25605.0187157993,NA,NA,25605.0187157993,"Forecast"
"Daman & Diu",2029,0,0.0169377040674689,4.39638558489583,60.15,NA,NA,26444.2592931484,NA,NA,26444.2592931484,"Forecast"
"Daman & Diu",2030,0,0.0358231554502284,4.52456494678352,60.15,NA,NA,27215.2581549029,NA,NA,27215.2581549029,"Forecast"
"Daman & Diu",2031,0,0.0556991890133213,4.65149533780172,60.15,NA,NA,27978.7444568773,NA,NA,27978.7444568773,"Forecast"
"Daman & Diu",2032,0,0.0703531252153629,4.78266106807037,60.15,NA,NA,28767.7063244433,NA,NA,28767.7063244433,"Forecast"
"Daman & Diu",2033,0,0.0771728358594152,4.91659894286264,60.15,NA,NA,29573.3426413188,NA,NA,29573.3426413188,"Forecast"
"Goa",2003,0,10,0,46.18,NA,117.53,0,NA,0,0,"Historical"
"Goa",2004,0,12,1,46.18,NA,117.53,4618,NA,0,4618,"Historical"
"Goa",2005,0,14,2,46.18,NA,117.53,9236,NA,0,9236,"Historical"
"Goa",2006,0,14,2.25,46.18,NA,117.53,10390.5,NA,0,10390.5,"Historical"
"Goa",2007,0,14,2.5,46.18,NA,117.53,11545,NA,0,11545,"Historical"
"Goa",2008,0,14,2.75,46.18,NA,117.53,12699.5,NA,0,12699.5,"Historical"
"Goa",2009,0,14,3,46.18,NA,117.53,13854,NA,0,13854,"Historical"
"Goa",2010,0,17,2.5,46.18,NA,117.53,11545,NA,0,11545,"Historical"
"Goa",2011,0,20,2,46.18,NA,117.53,9236,NA,0,9236,"Historical"
"Goa",2012,0,20,2,46.18,NA,117.53,9236,NA,0,9236,"Historical"
"Goa",2013,0,20,2,46.18,NA,117.53,9236,NA,0,9236,"Historical"
"Goa",2014,0,20,4,46.18,NA,117.53,18472,NA,0,18472,"Historical"
"Goa",2015,0,20,6,46.18,NA,117.53,27708,NA,0,27708,"Historical"
"Goa",2016,0,20,6,46.18,NA,117.53,27708,NA,0,27708,"Historical"
"Goa",2017,0,20,6,46.18,NA,117.53,27708,NA,0,27708,"Historical"
"Goa",2018,0,20,6,46.18,NA,117.53,27708,NA,0,27708,"Historical"
"Goa",2019,0,20,6,46.18,NA,117.53,27708,NA,0,27708,"Historical"
"Goa",2020,0,21.96,5.735,46.18,NA,117.53,26484.23,NA,0,26484.23,"Historical"
"Goa",2021,0,23.92,5.47,46.18,NA,117.53,25260.46,NA,0,25260.46,"Historical"
"Goa",2022,0,23.835,6.53,46.18,NA,117.53,30155.54,NA,0,30155.54,"Historical"
"Goa",2023,0,23.75,7.59,46.18,NA,117.53,35050.62,NA,0,35050.62,"Historical"
"Goa",2024,0,24.4375000000006,8.07038442788563,46.18,NA,117.53,37269.0352879758,NA,0,37269.0352879758,"Forecast"
"Goa",2025,0,25.1250000000012,8.2131482264308,46.18,NA,117.53,37928.3185096574,NA,0,37928.3185096574,"Forecast"
"Goa",2026,0,25.8125000000019,8.39731071633526,46.18,NA,117.53,38778.7808880362,NA,0,38778.7808880362,"Forecast"
"Goa",2027,0,26.5000000000025,8.744255001514,46.18,NA,117.53,40380.9695969917,NA,0,40380.9695969917,"Forecast"
"Goa",2028,0,27.1875000000031,9.16901489583305,46.18,NA,117.53,42342.510788957,NA,0,42342.510788957,"Forecast"
"Goa",2029,0,27.8750000000037,9.57224396056609,46.18,NA,117.53,44204.6226098942,NA,0,44204.6226098942,"Forecast"
"Goa",2030,0,28.5625000000044,9.93097111495298,46.18,NA,117.53,45861.2246088529,NA,0,45861.2246088529,"Forecast"
"Goa",2031,0,29.250000000005,10.2726194603809,46.18,NA,117.53,47438.9566680388,NA,0,47438.9566680388,"Forecast"
"Goa",2032,0,29.9375000000056,10.6225973715365,46.18,NA,117.53,49055.1546617553,NA,0,49055.1546617553,"Forecast"
"Goa",2033,0,30.6250000000062,10.9844417799548,46.18,NA,117.53,50726.1521398311,NA,0,50726.1521398311,"Forecast"
"Gujarat",2003,0,198,762,45.35,110.73,NA,3455670,2192454,NA,5648124,"Historical"
"Gujarat",2004,0,196.5,751.5,45.35,110.73,NA,3408052.5,2175844.5,NA,5583897,"Historical"
"Gujarat",2005,0,195,741,45.35,110.73,NA,3360435,2159235,NA,5519670,"Historical"
"Gujarat",2006,0,193.25,770.25,45.35,110.73,NA,3493083.75,2139857.25,NA,5632941,"Historical"
"Gujarat",2007,0,191.5,799.5,45.35,110.73,NA,3625732.5,2120479.5,NA,5746212,"Historical"
"Gujarat",2008,0,189.75,828.75,45.35,110.73,NA,3758381.25,2101101.75,NA,5859483,"Historical"
"Gujarat",2009,0,188,858,45.35,110.73,NA,3891030,2081724,NA,5972754,"Historical"
"Gujarat",2010,0,185,867,45.35,110.73,NA,3931845,2048505,NA,5980350,"Historical"
"Gujarat",2011,0,182,876,45.35,110.73,NA,3972660,2015286,NA,5987946,"Historical"
"Gujarat",2012,0,178.5,902,45.35,110.73,NA,4090570,1976530.5,NA,6067100.5,"Historical"
"Gujarat",2013,0,175,928,45.35,110.73,NA,4208480,1937775,NA,6146255,"Historical"
"Gujarat",2014,0,174.5,930.5,45.35,110.73,NA,4219817.5,1932238.5,NA,6152056,"Historical"
"Gujarat",2015,0,174,933,45.35,110.73,NA,4231155,1926702,NA,6157857,"Historical"
"Gujarat",2016,0,173,950.5,45.35,110.73,NA,4310517.5,1915629,NA,6226146.5,"Historical"
"Gujarat",2017,0,172,968,45.35,110.73,NA,4389880,1904556,NA,6294436,"Historical"
"Gujarat",2018,0,172.565,1008.045,45.35,110.73,NA,4571484.075,1910812.245,NA,6482296.32,"Historical"
"Gujarat",2019,0,173.13,1048.09,45.35,110.73,NA,4753088.15,1917068.49,NA,6670156.64,"Historical"
"Gujarat",2020,0,170.325,1040.555,45.35,110.73,NA,4718916.925,1886008.725,NA,6604925.65,"Historical"
"Gujarat",2021,0,167.52,1033.02,45.35,110.73,NA,4684745.7,1854948.96,NA,6539694.66,"Historical"
"Gujarat",2022,0,173.305,1008.995,45.35,110.73,NA,4575792.325,1919006.265,NA,6494798.59,"Historical"
"Gujarat",2023,0,179.09,984.97,45.35,110.73,NA,4466838.95,1983063.57,NA,6449902.52,"Historical"
"Gujarat",2024,0,184.875,968.593770325983,45.35,110.73,NA,4392572.74842833,2047120.875,NA,6439693.62342833,"Forecast"
"Gujarat",2025,0,190.66,957.431193912407,45.35,110.73,NA,4341950.46439277,2111178.18,NA,6453128.64439277,"Forecast"
"Gujarat",2026,0,196.445,949.822414927913,45.35,110.73,NA,4307444.65169809,2175235.485,NA,6482680.13669809,"Forecast"
"Gujarat",2027,0,202.23,944.636021080299,45.35,110.73,NA,4283924.35559916,2239292.79,NA,6523217.14559916,"Forecast"
"Gujarat",2028,0,208.015,941.100804562987,45.35,110.73,NA,4267892.14869315,2303350.095,NA,6571242.24369315,"Forecast"
"Gujarat",2029,0,213.8,938.691084786301,45.35,110.73,NA,4256964.06950587,2367407.4,NA,6624371.46950588,"Forecast"
"Gujarat",2030,0,219.585,937.048540581804,45.35,110.73,NA,4249515.13153848,2431464.705,NA,6680979.83653848,"Forecast"
"Gujarat",2031,0,225.37,935.928928463487,45.35,110.73,NA,4244437.69058191,2495522.01,NA,6739959.70058192,"Forecast"
"Gujarat",2032,0,231.155,935.165764043284,45.35,110.73,NA,4240976.73993629,2559579.315,NA,6800556.0549363,"Forecast"
"Gujarat",2033,0,236.94,934.645566090141,45.35,110.73,NA,4238617.64221879,2623636.62,NA,6862254.26221879,"Forecast"
"Karnataka",2003,0,3,0,56.74,111.35,NA,0,33405,NA,33405,"Historical"
"Karnataka",2004,0,3,0,56.74,111.35,NA,0,33405,NA,33405,"Historical"
"Karnataka",2005,0,3,0,56.74,111.35,NA,0,33405,NA,33405,"Historical"
"Karnataka",2006,0,3,0,56.74,111.35,NA,0,33405,NA,33405,"Historical"
"Karnataka",2007,0,3,0,56.74,111.35,NA,0,33405,NA,33405,"Historical"
"Karnataka",2008,0,3,0,56.74,111.35,NA,0,33405,NA,33405,"Historical"
"Karnataka",2009,0,3,0,56.74,111.35,NA,0,33405,NA,33405,"Historical"
"Karnataka",2010,0,3,0,56.74,111.35,NA,0,33405,NA,33405,"Historical"
"Karnataka",2011,0,3,0,56.74,111.35,NA,0,33405,NA,33405,"Historical"
"Karnataka",2012,0,3,0,56.74,111.35,NA,0,33405,NA,33405,"Historical"
"Karnataka",2013,0,3,0,56.74,111.35,NA,0,33405,NA,33405,"Historical"
"Karnataka",2014,0,3,0,56.74,111.35,NA,0,33405,NA,33405,"Historical"
"Karnataka",2015,0,3,0,56.74,111.35,NA,0,33405,NA,33405,"Historical"
"Karnataka",2016,0,2.5,4,56.74,111.35,NA,22696,27837.5,NA,50533.5,"Historical"
"Karnataka",2017,0,2,8,56.74,111.35,NA,45392,22270,NA,67662,"Historical"
"Karnataka",2018,0.02,1.95,8.2025,56.74,111.35,NA,46540.985,21713.25,NA,68254.235,"Historical"
"Karnataka",2019,0.04,1.9,8.405,56.74,111.35,NA,47689.97,21156.5,NA,68846.47,"Historical"
"Karnataka",2020,0.075,2.055,8.8725,56.74,111.35,NA,50342.565,22882.425,NA,73224.99,"Historical"
"Karnataka",2021,0.11,2.21,9.34,56.74,111.35,NA,52995.16,24608.35,NA,77603.51,"Historical"
"Karnataka",2022,0.11,2.68,10.14,56.74,111.35,NA,57534.36,29841.8,NA,87376.16,"Historical"
"Karnataka",2023,0.11,3.15,10.94,56.74,111.35,NA,62073.56,35075.25,NA,97148.81,"Historical"
"Karnataka",2024,0.11,3.482995631122,11.5079613187639,56.74,111.35,NA,65296.1725226665,38783.1563525435,NA,104079.32887521,"Forecast"
"Karnataka",2025,0.11,3.71892348292273,12.0547028171873,56.74,111.35,NA,68398.3837847206,41410.2129823445,NA,109808.596767065,"Forecast"
"Karnataka",2026,0.11,3.88607868273047,12.6014443156106,56.74,111.35,NA,71500.5950467746,43271.4861322038,NA,114772.081178978,"Forecast"
"Karnataka",2027,0.11,4.00450836625239,13.1481858140339,56.74,111.35,NA,74602.8063088286,44590.2006582204,NA,119193.006967049,"Forecast"
"Karnataka",2028,0.11,4.08841595605657,13.6949273124573,56.74,111.35,NA,77705.0175708827,45524.5116706899,NA,123229.529241573,"Forecast"
"Karnataka",2029,0.11,4.14786459610501,14.2416688108806,56.74,111.35,NA,80807.2288329367,46186.4722776293,NA,126993.701110566,"Forecast"
"Karnataka",2030,0.11,4.18998403740772,14.788410309304,56.74,111.35,NA,83909.4400949907,46655.472256535,NA,130564.912351526,"Forecast"
"Karnataka",2031,0.11,4.21982571812922,15.3351518077273,56.74,111.35,NA,87011.6513570448,46987.7593713688,NA,133999.410728414,"Forecast"
"Karnataka",2032,0.11,4.24096858899219,15.8818933061507,56.74,111.35,NA,90113.8626190988,47223.185238428,NA,137337.047857527,"Forecast"
"Karnataka",2033,0.11,4.25594834138952,16.428634804574,56.74,111.35,NA,93216.0738811529,47389.9847813723,NA,140606.058662525,"Forecast"
"Kerala",2003,0,3,5,64.4,103.11,NA,32200,30933,NA,63133,"Historical"
"Kerala",2004,0,3,5,64.4,103.11,NA,32200,30933,NA,63133,"Historical"
"Kerala",2005,0,3,5,64.4,103.11,NA,32200,30933,NA,63133,"Historical"
"Kerala",2006,0,3,4.25,64.4,103.11,NA,27370,30933,NA,58303,"Historical"
"Kerala",2007,0,3,3.5,64.4,103.11,NA,22540,30933,NA,53473,"Historical"
"Kerala",2008,0,3,2.75,64.4,103.11,NA,17710,30933,NA,48643,"Historical"
"Kerala",2009,0,3,2,64.4,103.11,NA,12880,30933,NA,43813,"Historical"
"Kerala",2010,0,3,2.5,64.4,103.11,NA,16100,30933,NA,47033,"Historical"
"Kerala",2011,0,3,3,64.4,103.11,NA,19320,30933,NA,50253,"Historical"
"Kerala",2012,0,3.25,3.25,64.4,103.11,NA,20930,33510.75,NA,54440.75,"Historical"
"Kerala",2013,0,3.5,3.5,64.4,103.11,NA,22540,36088.5,NA,58628.5,"Historical"
"Kerala",2014,0,4.25,3.75,64.4,103.11,NA,24150,43821.75,NA,67971.75,"Historical"
"Kerala",2015,0,5,4,64.4,103.11,NA,25760,51555,NA,77315,"Historical"
"Kerala",2016,0,5,4,64.4,103.11,NA,25760,51555,NA,77315,"Historical"
"Kerala",2017,0,5,4,64.4,103.11,NA,25760,51555,NA,77315,"Historical"
"Kerala",2018,0,4.845,4.105,64.4,103.11,NA,26436.2,49956.795,NA,76392.995,"Historical"
"Kerala",2019,0,4.69,4.21,64.4,103.11,NA,27112.4,48358.59,NA,75470.99,"Historical"
"Kerala",2020,0,4.7,4.465,64.4,103.11,NA,28754.6,48461.7,NA,77216.3,"Historical"
"Kerala",2021,0,4.71,4.72,64.4,103.11,NA,30396.8,48564.81,NA,78961.61,"Historical"
"Kerala",2022,0,4.72,4.72,64.4,103.11,NA,30396.8,48667.92,NA,79064.72,"Historical"
"Kerala",2023,0,4.73,4.72,64.4,103.11,NA,30396.8,48771.03,NA,79167.83,"Historical"
"Kerala",2024,0,4.73614376094262,4.56874122735887,64.4,103.11,NA,29422.6935041911,48834.3783190793,NA,78257.0718232704,"Forecast"
"Kerala",2025,0,4.73991834079462,4.34037428365254,64.4,103.11,NA,27952.0103867224,48873.2980119333,NA,76825.3083986557,"Forecast"
"Kerala",2026,0,4.74223735242157,4.10296678399557,64.4,103.11,NA,26423.1060889315,48897.2093408188,NA,75320.3154297503,"Forecast"
"Kerala",2027,0,4.74366209772749,3.90664759986182,64.4,103.11,NA,25158.8105431101,48911.8998896681,NA,74070.7104327782,"Forecast"
"Kerala",2028,0,4.74453742718385,3.77878029807732,64.4,103.11,NA,24335.3451196179,48920.9254116927,NA,73256.2705313107,"Forecast"
"Kerala",2029,0,4.74507520867645,3.72509227510865,64.4,103.11,NA,23989.5942516997,48926.4704766628,NA,72916.0647283626,"Forecast"
"Kerala",2030,0,4.74540560876943,3.73480577576396,64.4,103.11,NA,24052.1491959199,48929.8772320216,NA,72982.0264279415,"Forecast"
"Kerala",2031,0,4.74560859868811,3.78758303511646,64.4,103.11,NA,24392.03474615,48931.9702610731,NA,73324.0050072231,"Forecast"
"Kerala",2032,0,4.74573331084151,3.86036948408863,64.4,103.11,NA,24860.7794775308,48933.2561680869,NA,73794.0356456177,"Forecast"
"Kerala",2033,0,4.74580993100723,3.93279524447665,64.4,103.11,NA,25327.2013744296,48934.0461986156,NA,74261.2475730452,"Forecast"
"Maharashtra",2003,8,44,64,67.3,101.32,NA,430720,445808,NA,876528,"Historical"
"Maharashtra",2004,4,51,82,67.3,101.32,NA,551860,516732,NA,1068592,"Historical"
"Maharashtra",2005,0,58,100,67.3,101.32,NA,673000,587656,NA,1260656,"Historical"
"Maharashtra",2006,0,60.75,104.25,67.3,101.32,NA,701602.5,615519,NA,1317121.5,"Historical"
"Maharashtra",2007,0,63.5,108.5,67.3,101.32,NA,730205,643382,NA,1373587,"Historical"
"Maharashtra",2008,0,66.25,112.75,67.3,101.32,NA,758807.5,671245,NA,1430052.5,"Historical"
"Maharashtra",2009,0,69,117,67.3,101.32,NA,787410,699108,NA,1486518,"Historical"
"Maharashtra",2010,0,69,117,67.3,101.32,NA,787410,699108,NA,1486518,"Historical"
"Maharashtra",2011,0,69,117,67.3,101.32,NA,787410,699108,NA,1486518,"Historical"
"Maharashtra",2012,0,69,117,67.3,101.32,NA,787410,699108,NA,1486518,"Historical"
"Maharashtra",2013,0,69,117,67.3,101.32,NA,787410,699108,NA,1486518,"Historical"
"Maharashtra",2014,0,74,130,67.3,101.32,NA,874900,749768,NA,1624668,"Historical"
"Maharashtra",2015,0,79,143,67.3,101.32,NA,962390,800428,NA,1762818,"Historical"
"Maharashtra",2016,0,83.5,179.5,67.3,101.32,NA,1208035,846022,NA,2054057,"Historical"
"Maharashtra",2017,0,88,216,67.3,101.32,NA,1453680,891616,NA,2345296,"Historical"
"Maharashtra",2018,0,88,224.135,67.3,101.32,NA,1508428.55,891616,NA,2400044.55,"Historical"
"Maharashtra",2019,0,88,232.27,67.3,101.32,NA,1563177.1,891616,NA,2454793.1,"Historical"
"Maharashtra",2020,0,87.105,224.32,67.3,101.32,NA,1509673.6,882547.86,NA,2392221.46,"Historical"
"Maharashtra",2021,0,86.21,216.37,67.3,101.32,NA,1456170.1,873479.72,NA,2329649.82,"Historical"
"Maharashtra",2022,0,88.015,220.82,67.3,101.32,NA,1486118.6,891767.98,NA,2377886.58,"Historical"
"Maharashtra",2023,0,89.82,225.27,67.3,101.32,NA,1516067.1,910056.24,NA,2426123.34,"Historical"
"Maharashtra",2024,-0.0938259578230111,91.8458252094727,228.457961277422,67.3,101.32,NA,1537522.07939705,930581.901022377,NA,2468103.98041943,"Forecast"
"Maharashtra",2025,-0.0823967419153453,94.1418844481537,230.741803323791,67.3,101.32,NA,1552892.33636911,953845.573228694,NA,2506737.90959781,"Forecast"
"Maharashtra",2026,-0.0723597524159666,96.4379436868348,232.377938156954,67.3,101.32,NA,1563903.5237963,977109.24543501,NA,2541012.76923131,"Forecast"
"Maharashtra",2027,-0.0635453981309044,98.7340029255159,233.550058267687,67.3,101.32,NA,1571791.89214154,1000372.91764133,NA,2572164.80978286,"Forecast"
"Maharashtra",2028,-0.0558047462683707,101.030062164197,234.389760183531,67.3,101.32,NA,1577443.08603517,1023636.58984764,NA,2601079.67588281,"Forecast"
"Maharashtra",2029,-0.0490070059780254,103.326121402878,234.991319103147,67.3,101.32,NA,1581491.57756418,1046900.26205396,NA,2628391.83961814,"Forecast"
"Maharashtra",2030,-0.0430373184277241,105.622180641559,235.422273382208,67.3,101.32,NA,1584391.89986226,1070163.93426028,NA,2654555.83412253,"Forecast"
"Maharashtra",2031,-0.0377948160775185,107.91823988024,235.731007214564,67.3,101.32,NA,1586469.67855401,1093427.60646659,NA,2679897.28502061,"Forecast"
"Maharashtra",2032,-0.0331909183591993,110.214299118921,235.952182833122,67.3,101.32,NA,1587958.19046691,1116691.27867291,NA,2704649.46913982,"Forecast"
"Maharashtra",2033,-0.0291478349641267,112.510358357602,236.1106321157,67.3,101.32,NA,1589024.55413866,1139954.95087923,NA,2728979.50501789,"Forecast"
"Odisha",2003,0,160,47,44.51,62.51,77.44,209197,1000160,0,1209357,"Historical"
"Odisha",2004,0,158,47,44.51,62.51,77.44,209197,987658,0,1196855,"Historical"
"Odisha",2005,0,156,47,44.51,62.51,77.44,209197,975156,0,1184353,"Historical"
"Odisha",2006,20.5,141.25,45.75,44.51,62.51,77.44,203633.25,882953.75,158752,1245339,"Historical"
"Odisha",2007,41,126.5,44.5,44.51,62.51,77.44,198069.5,790751.5,317504,1306325,"Historical"
"Odisha",2008,61.5,111.75,43.25,44.51,62.51,77.44,192505.75,698549.25,476256,1367311,"Historical"
"Odisha",2009,82,97,42,44.51,62.51,77.44,186942,606347,635008,1428297,"Historical"
"Odisha",2010,82,97,42.5,44.51,62.51,77.44,189167.5,606347,635008,1430522.5,"Historical"
"Odisha",2011,82,97,43,44.51,62.51,77.44,191393,606347,635008,1432748,"Historical"
"Odisha",2012,82,92.5,43,44.51,62.51,77.44,191393,578217.5,635008,1404618.5,"Historical"
"Odisha",2013,82,88,43,44.51,62.51,77.44,191393,550088,635008,1376489,"Historical"
"Odisha",2014,82,91.5,48.5,44.51,62.51,77.44,215873.5,571966.5,635008,1422848,"Historical"
"Odisha",2015,82,95,54,44.51,62.51,77.44,240354,593845,635008,1469207,"Historical"
"Odisha",2016,82,94.5,60.5,44.51,62.51,77.44,269285.5,590719.5,635008,1495013,"Historical"
"Odisha",2017,82,94,67,44.51,62.51,77.44,298217,587594,635008,1520819,"Historical"
"Odisha",2018,81.225,94.165,71.43,44.51,62.51,77.44,317934.93,588625.415,629006.4,1535566.745,"Historical"
"Odisha",2019,80.45,94.33,75.86,44.51,62.51,77.44,337652.86,589656.83,623004.8,1550314.49,"Historical"
"Odisha",2020,81.06,94.47,78.545,44.51,62.51,77.44,349603.795,590531.97,627728.64,1567864.405,"Historical"
"Odisha",2021,81.67,94.61,81.23,44.51,62.51,77.44,361554.73,591407.11,632452.48,1585414.32,"Historical"
"Odisha",2022,81.67,94.61,82.005,44.51,62.51,77.44,365004.255,591407.11,632452.48,1588863.845,"Historical"
"Odisha",2023,81.67,94.61,82.78,44.51,62.51,77.44,368453.78,591407.11,632452.48,1592313.37,"Historical"
"Odisha",2024,81.67,94.61,83.555,44.51,62.51,77.44,371903.305,591407.11,632452.48,1595762.895,"Forecast"
"Odisha",2025,81.67,94.6099999999999,84.33,44.51,62.51,77.44,375352.83,591407.11,632452.48,1599212.42,"Forecast"
"Odisha",2026,81.67,94.6099999999999,85.1049999999999,44.51,62.51,77.44,378802.355,591407.109999999,632452.48,1602661.945,"Forecast"
"Odisha",2027,81.67,94.6099999999999,85.8799999999999,44.51,62.51,77.44,382251.88,591407.109999999,632452.48,1606111.47,"Forecast"
"Odisha",2028,81.67,94.6099999999998,86.6549999999999,44.51,62.51,77.44,385701.405,591407.109999999,632452.48,1609560.995,"Forecast"
"Odisha",2029,81.67,94.6099999999998,87.4299999999999,44.51,62.51,77.44,389150.929999999,591407.109999999,632452.48,1613010.52,"Forecast"
"Odisha",2030,81.67,94.6099999999998,88.2049999999998,44.51,62.51,77.44,392600.454999999,591407.109999999,632452.48,1616460.045,"Forecast"
"Odisha",2031,81.67,94.6099999999998,88.9799999999998,44.51,62.51,77.44,396049.979999999,591407.109999998,632452.48,1619909.57,"Forecast"
"Odisha",2032,81.67,94.6099999999997,89.7549999999998,44.51,62.51,77.44,399499.504999999,591407.109999998,632452.48,1623359.095,"Forecast"
"Odisha",2033,81.67,94.6099999999997,90.5299999999998,44.51,62.51,77.44,402949.029999999,591407.109999998,632452.48,1626808.62,"Forecast"
"Puducherry",2003,0,0,1,34.5,NA,NA,3450,NA,NA,3450,"Historical"
"Puducherry",2004,0,0,1,34.5,NA,NA,3450,NA,NA,3450,"Historical"
"Puducherry",2005,0,0,1,34.5,NA,NA,3450,NA,NA,3450,"Historical"
"Puducherry",2006,0,0,1,34.5,NA,NA,3450,NA,NA,3450,"Historical"
"Puducherry",2007,0,0,1,34.5,NA,NA,3450,NA,NA,3450,"Historical"
"Puducherry",2008,0,0,1,34.5,NA,NA,3450,NA,NA,3450,"Historical"
"Puducherry",2009,0,0,1,34.5,NA,NA,3450,NA,NA,3450,"Historical"
"Puducherry",2010,0,0,0.5,34.5,NA,NA,1725,NA,NA,1725,"Historical"
"Puducherry",2011,0,0,0,34.5,NA,NA,0,NA,NA,0,"Historical"
"Puducherry",2012,0,0,0.75,34.5,NA,NA,2587.5,NA,NA,2587.5,"Historical"
"Puducherry",2013,0,0,1.5,34.5,NA,NA,5175,NA,NA,5175,"Historical"
"Puducherry",2014,0,0,2.25,34.5,NA,NA,7762.5,NA,NA,7762.5,"Historical"
"Puducherry",2015,0,0,3,34.5,NA,NA,10350,NA,NA,10350,"Historical"
"Puducherry",2016,0,0,2.5,34.5,NA,NA,8625,NA,NA,8625,"Historical"
"Puducherry",2017,0,0,2,34.5,NA,NA,6900,NA,NA,6900,"Historical"
"Puducherry",2018,0,0,1.82,34.5,NA,NA,6279,NA,NA,6279,"Historical"
"Puducherry",2019,0,0,1.64,34.5,NA,NA,5658,NA,NA,5658,"Historical"
"Puducherry",2020,0,0.04,2.605,34.5,NA,NA,8987.25,NA,NA,8987.25,"Historical"
"Puducherry",2021,0,0.08,3.57,34.5,NA,NA,12316.5,NA,NA,12316.5,"Historical"
"Puducherry",2022,0,0.08,3.66,34.5,NA,NA,12627,NA,NA,12627,"Historical"
"Puducherry",2023,0,0.08,3.75,34.5,NA,NA,12937.5,NA,NA,12937.5,"Historical"
"Puducherry",2024,0,0.0848386540046655,3.75,34.5,NA,NA,12937.5,NA,NA,12937.5,"Forecast"
"Puducherry",2025,0,0.088847820572484,3.75,34.5,NA,NA,12937.5,NA,NA,12937.5,"Forecast"
"Puducherry",2026,0,0.0928569871403024,3.75,34.5,NA,NA,12937.5,NA,NA,12937.5,"Forecast"
"Puducherry",2027,0,0.0968661537081208,3.75,34.5,NA,NA,12937.5,NA,NA,12937.5,"Forecast"
"Puducherry",2028,0,0.100875320275939,3.75,34.5,NA,NA,12937.5,NA,NA,12937.5,"Forecast"
"Puducherry",2029,0,0.104884486843758,3.75,34.5,NA,NA,12937.5,NA,NA,12937.5,"Forecast"
"Puducherry",2030,0,0.108893653411576,3.75,34.5,NA,NA,12937.5,NA,NA,12937.5,"Forecast"
"Puducherry",2031,0,0.112902819979395,3.75,34.5,NA,NA,12937.5,NA,NA,12937.5,"Forecast"
"Puducherry",2032,0,0.116911986547213,3.75,34.5,NA,NA,12937.5,NA,NA,12937.5,"Forecast"
"Puducherry",2033,0,0.120921153115031,3.75,34.5,NA,NA,12937.5,NA,NA,12937.5,"Forecast"
"Tamil Nadu",2003,0,18,17,27.69,61.44,85.48,47073,110592,0,157665,"Historical"
"Tamil Nadu",2004,0,18,17,27.69,61.44,85.48,47073,110592,0,157665,"Historical"
"Tamil Nadu",2005,0,18,17,27.69,61.44,85.48,47073,110592,0,157665,"Historical"
"Tamil Nadu",2006,0,17.5,18.5,27.69,61.44,85.48,51226.5,107520,0,158746.5,"Historical"
"Tamil Nadu",2007,0,17,20,27.69,61.44,85.48,55380,104448,0,159828,"Historical"
"Tamil Nadu",2008,0,16.5,21.5,27.69,61.44,85.48,59533.5,101376,0,160909.5,"Historical"
"Tamil Nadu",2009,0,16,23,27.69,61.44,85.48,63687,98304,0,161991,"Historical"
"Tamil Nadu",2010,0,16,23,27.69,61.44,85.48,63687,98304,0,161991,"Historical"
"Tamil Nadu",2011,0,16,23,27.69,61.44,85.48,63687,98304,0,161991,"Historical"
"Tamil Nadu",2012,0,17.4166666666667,24.75,27.69,61.44,85.48,68532.75,107008,0,175540.75,"Historical"
"Tamil Nadu",2013,0,18.8333333333333,26.5,27.69,61.44,85.48,73378.5,115712,0,189090.5,"Historical"
"Tamil Nadu",2014,0.5,20.75,30.25,27.69,61.44,85.48,83762.25,127488,4274,215524.25,"Historical"
"Tamil Nadu",2015,1,22.6666666666667,34,27.69,61.44,85.48,94146,139264,8548,241958,"Historical"
"Tamil Nadu",2016,1,23.8333333333333,28.5,27.69,61.44,85.48,78916.5,146432,8548,233896.5,"Historical"
"Tamil Nadu",2017,1,25,23,27.69,61.44,85.48,63687,153600,8548,225835,"Historical"
"Tamil Nadu",2018,1.02,26.1625,20.51,27.69,61.44,85.48,56792.19,160742.4,8718.96,226253.55,"Historical"
"Tamil Nadu",2019,1.04,27.325,18.02,27.69,61.44,85.48,49897.38,167884.8,8889.92,226672.1,"Historical"
"Tamil Nadu",2020,1.1,26.1675,16.88,27.69,61.44,85.48,46740.72,160773.12,9402.8,216916.64,"Historical"
"Tamil Nadu",2021,1.16,25.01,15.74,27.69,61.44,85.48,43584.06,153661.44,9915.68,207161.18,"Historical"
"Tamil Nadu",2022,1.175,25.04,15.695,27.69,61.44,85.48,43459.455,153845.76,10043.9,207349.115,"Historical"
"Tamil Nadu",2023,1.19,25.07,15.65,27.69,61.44,85.48,43334.85,154030.08,10172.12,207537.05,"Historical"
"Tamil Nadu",2024,1.19721492067879,25.0916140566592,16.0202565118993,27.69,61.44,85.48,44360.0902814491,154162.876764114,10233.7931419623,208756.760187526,"Forecast"
"Tamil Nadu",2025,1.20068525937221,25.1071863048349,16.8386658411931,27.69,61.44,85.48,46626.2657142636,154258.552656906,10263.4575971136,211148.275968283,"Forecast"
"Tamil Nadu",2026,1.20235447393231,25.1184056199809,17.4853492515091,27.69,61.44,85.48,48416.9320774286,154327.484129163,10277.7260431734,213022.142249765,"Forecast"
"Tamil Nadu",2027,1.20315735730878,25.1264887837557,17.9963398013588,27.69,61.44,85.48,49831.8649099624,154377.147087395,10284.5890902755,214493.601087633,"Forecast"
"Tamil Nadu",2028,1.20354353996715,25.1323124490828,18.4001097726777,27.69,61.44,85.48,50949.9039605444,154412.927687165,10287.8901796392,215650.721827349,"Forecast"
"Tamil Nadu",2029,1.20372929178366,25.1365082168277,18.7191571401619,27.69,61.44,85.48,51833.3461211082,154438.706484189,10289.4779861667,216561.530591464,"Forecast"
"Tamil Nadu",2030,1.20381863742513,25.1395311355532,18.971259153509,27.69,61.44,85.48,52531.4165960664,154457.279296839,10290.24171271,217278.937605615,"Forecast"
"Tamil Nadu",2031,1.20386161220621,25.1417090534402,19.1704628818921,27.69,61.44,85.48,53083.0117199593,154470.660424337,10290.6090611387,217844.281205435,"Forecast"
"Tamil Nadu",2032,1.20388228284866,25.1432781747939,19.327867913589,27.69,61.44,85.48,53518.8662527279,154480.301105933,10290.7857537903,218289.953112452,"Forecast"
"Tamil Nadu",2033,1.20389222531837,25.1444086773886,19.4522448226186,27.69,61.44,85.48,53863.265913831,154487.246913876,10290.8707420214,218641.383569728,"Forecast"
"West Bengal",2003,892,894,334,42.18,60.35,78.15,1408812,5395290,6970980,13775082,"Historical"
"West Bengal",2004,892,894.5,332.5,42.18,60.35,78.15,1402485,5398307.5,6970980,13771772.5,"Historical"
"West Bengal",2005,892,895,331,42.18,60.35,78.15,1396158,5401325,6970980,13768463,"Historical"
"West Bengal",2006,928.5,891.5,303.25,42.18,60.35,78.15,1279108.5,5380202.5,7256227.5,13915538.5,"Historical"
"West Bengal",2007,965,888,275.5,42.18,60.35,78.15,1162059,5359080,7541475,14062614,"Historical"
"West Bengal",2008,1001.5,884.5,247.75,42.18,60.35,78.15,1045009.5,5337957.5,7826722.5,14209689.5,"Historical"
"West Bengal",2009,1038,881,220,42.18,60.35,78.15,927960,5316835,8111970,14356765,"Historical"
"West Bengal",2010,1038,881,228,42.18,60.35,78.15,961704,5316835,8111970,14390509,"Historical"
"West Bengal",2011,1038,881,236,42.18,60.35,78.15,995448,5316835,8111970,14424253,"Historical"
"West Bengal",2012,1015.5,790,320.5,42.18,60.35,78.15,1351869,4767650,7936132.5,14055651.5,"Historical"
"West Bengal",2013,993,699,405,42.18,60.35,78.15,1708290,4218465,7760295,13687050,"Historical"
"West Bengal",2014,991.5,699.5,410.5,42.18,60.35,78.15,1731489,4221482.5,7748572.5,13701544,"Historical"
"West Bengal",2015,990,700,416,42.18,60.35,78.15,1754688,4224500,7736850,13716038,"Historical"
"West Bengal",2016,994.5,696,419.5,42.18,60.35,78.15,1769451,4200360,7772017.5,13741828.5,"Historical"
"West Bengal",2017,999,692,423,42.18,60.35,78.15,1784214,4176220,7807185,13767619,"Historical"
"West Bengal",2018,997.31,692,423.745,42.18,60.35,78.15,1787356.41,4176220,7793977.65,13757554.06,"Historical"
"West Bengal",2019,995.62,692,424.49,42.18,60.35,78.15,1790498.82,4176220,7780770.3,13747489.12,"Historical"
"West Bengal",2020,989.635,697.745,427.55,42.18,60.35,78.15,1803405.9,4210891.075,7733997.525,13748294.5,"Historical"
"West Bengal",2021,983.65,703.49,430.61,42.18,60.35,78.15,1816312.98,4245562.15,7687224.75,13749099.88,"Historical"
"West Bengal",2022,982.64,703.64,432.175,42.18,60.35,78.15,1822914.15,4246467.4,7679331.6,13748713.15,"Historical"
"West Bengal",2023,981.63,703.79,433.74,42.18,60.35,78.15,1829515.32,4247372.65,7671438.45,13748326.42,"Historical"
"West Bengal",2024,983.407849447798,703.861216839002,434.636420479492,42.18,60.35,78.15,1833296.4215825,4247802.44362338,7685332.34343454,13766431.2086404,"Forecast"
"West Bengal",2025,987.905773834099,703.895029093385,435.149883531283,42.18,60.35,78.15,1835462.20873495,4248006.50057858,7720483.62251349,13803952.331827,"Forecast"
"West Bengal",2026,990.765342065171,703.911082439229,435.443991387569,42.18,60.35,78.15,1836702.75567277,4248103.38252075,7742831.14823931,13827637.2864328,"Forecast"
"West Bengal",2027,991.584726964239,703.918704229539,435.61245420262,42.18,60.35,78.15,1837413.33182665,4248149.38002527,7749234.64122553,13834797.3530774,"Forecast"
"West Bengal",2028,990.487722116233,703.922322894961,435.708948462967,42.18,60.35,78.15,1837820.3446168,4248171.21867109,7740661.54833836,13826653.1116262,"Forecast"
"West Bengal",2029,988.01560161625,703.924040961047,435.764219664967,42.18,60.35,78.15,1838053.47854683,4248181.58719992,7721341.926631,13807576.9923777,"Forecast"
"West Bengal",2030,984.940380417151,703.924856662619,435.795878602602,42.18,60.35,78.15,1838187.01594577,4248186.5099589,7697309.07296004,13783682.5988647,"Forecast"
"West Bengal",2031,982.053947270673,703.925243940536,435.814012609027,42.18,60.35,78.15,1838263.50518487,4248188.84718113,7674751.59792031,13761203.9502863,"Forecast"
"West Bengal",2032,979.984749331851,703.925427811929,435.824399634416,42.18,60.35,78.15,1838307.31765797,4248189.95684499,7658580.81602842,13745078.0905314,"Forecast"
"West Bengal",2033,979.079573456306,703.925515110192,435.830349246097,42.18,60.35,78.15,1838332.41312004,4248190.48369001,7651506.86656103,13738029.7633711,"Forecast"
